"HH Data by group, Site Group Manchester City Football Club, Start Date 01/06/2025, End Date 01/06/2026",,,,,,,,,,,,,,,,,,,,,,,,,,,,,,,,,,,,,,,,,,,,,,,,,,,,
,,,,,,,,,,,,,,,,,,,,,,,,,,,,,,,,,,,,,,,,,,,,,,,,,,,,
M1_Code1,,Date,Day,00:30,01:00,01:30,02:00,02:30,03:00,03:30,04:00,04:30,05:00,05:30,06:00,06:30,07:00,07:30,08:00,08:30,09:00,09:30,10:00,10:30,11:00,11:30,12:00,12:30,13:00,13:30,14:00,14:30,15:00,15:30,16:00,16:30,17:00,17:30,18:00,18:30,19:00,19:30,20:00,20:30,21:00,21:30,22:00,22:30,23:00,23:30,24:00,TotalUnits
1650000325600,Temp Substation,01/06/2025,Sunday,25.5,24.5,25,32.5,27,25,23.5,29.5,27.5,26.5,23,21,30,24.5,24,22,22,29.5,24.5,24,21,22,30,25,23,21.5,27.5,25,24.5,22,22,29,24.5,26,21.5,21.5,29,25.5,24.5,23.5,21.5,25.5,28.5,29,26,24.5,31,29,1214.5
1650000325600,Temp Substation,02/06/2025,Monday,28.5,25.5,24.5,32,27.5,28,28,25.5,25,30.5,27,28,33.5,33,56.5,69.5,61,61,65.5,71.5,73,66,56,54.5,57,60,56.5,61,54.5,54.5,50,48,51,46,33.5,26.5,20.5,32.5,34,26,25.5,34.5,28.5,35,37.5,43.5,38.5,39.5,2025
1650000325600,Temp Substation,03/06/2025,Tuesday,38.5,39,40.5,40,40,40,40,40,41,42.5,38.5,32,37,48,66,73,71.5,67.5,62.5,75.5,72,73,62,78.5,69.5,62.5,64.5,71,69,61,67.5,61,62.5,59,39.5,36.5,34,35,36.5,37,34,34,33.5,34.5,33.5,32,42,42.5,2410.5
1650000325600,Temp Substation,04/06/2025,Wednesday,43.5,47.5,42,41.5,43,42,43,42,41.5,33,33.5,31.5,38.5,54,65,67,58.5,59.5,58,63,56.5,55.5,60,61,66,61.5,58.5,66,59,60.5,50,52.5,47,42.5,30,25.5,29,29.5,26.5,30.5,31,27.5,35.5,31.5,31.5,40,43,41,2196
1650000325600,Temp Substation,05/06/2025,Thursday,41,44.5,39.5,41,42,39.5,43,41,41,44,29.5,29,35,42,57.5,62,56,54,78.5,69,63,54,59,63,64.5,60,59,56.5,59.5,49.5,58,56,49,50,36,31,31.5,34,32.5,30.5,31.5,32,36,43.5,43,43,42,44,2240.5
1650000325600,Temp Substation,06/06/2025,Friday,45,43,44.5,43,48.5,44,39.5,39,49,40,29.5,31,35,50,59,67.5,67,62.5,63,58.5,57,60.5,62.5,61,60.5,54,49,49.5,53.5,49.5,45.5,37,30.5,34,27,24,30.5,29,26,26.5,26,23.5,25.5,30.5,25,32,27.5,26,2041.5
1650000325600,Temp Substation,07/06/2025,Saturday,28.5,33.5,29.5,27.5,25,30,30.5,29.5,28.5,26.5,24,28.5,28,27,32,33.5,34,42.5,42,39.5,39,31.5,32,33,34.5,32.5,26.5,25.5,22,26,33.5,28,25.5,23.5,30,31.5,29,27.5,27.5,28,25,23.5,32.5,30.5,30,30,27,33,1438
1650000325600,Temp Substation,08/06/2025,Sunday,32.5,30,32,29.5,27.5,31.5,34,31,31,30.5,28.5,25,29.5,29.5,32.5,36.5,35,33,36.5,35.5,29.5,32.5,33,34,32.5,33.5,27,25.5,24.5,30,30.5,30,27,29,33.5,30.5,29,29,28.5,28,29,29,29,30,30.5,30,30.5,30.5,1466.5
1650000325600,Temp Substation,09/06/2025,Monday,30,30.5,30,30.5,30,29.5,30,30.5,29.5,29.5,29,29,36.5,39.5,52,70,64.5,74.5,66.5,65,67,71,65,64,60.5,53,48.5,48,58.5,58,55,56.5,49.5,47.5,32,29,26.5,29,27,30.5,28,29,40,39.5,40.5,42.5,39.5,43,2104.5
1650000325600,Temp Substation,10/06/2025,Tuesday,40,44,42.5,43,40,39,39.5,39.5,40,40.5,28.5,26.5,31,56,64,65,67,78.5,71,63.5,61,53.5,64.5,58,53,53,62.5,57,55.5,61.5,56,60,45.5,50,35,30,29,30.5,31.5,31.5,30,24,28,32,40.5,40,41,43,2216
1650000325600,Temp Substation,11/06/2025,Wednesday,42,39.5,37.5,36,45,40,41,42.5,42,31,33.5,28.5,33.5,47,63.5,58.5,63,62.5,57.5,50,57,63.5,60.5,61,55,54.5,59,56,53,52,51.5,49,50,41,34.5,27.5,27,30,29,26.5,25.5,22.5,24.5,41,35.5,34.5,40.5,37.5,2093
1650000325600,Temp Substation,12/06/2025,Thursday,35,35.5,43.5,42,35,39.5,39.5,39,41.5,33.5,36,28,30,37,42.5,65,55.5,50,50.5,51.5,52,51,46,52,50.5,54,54,46,47.5,49,46,43.5,39,41,30.5,23.5,24,35.5,25,24,32,28,26,37,39,36,36.5,43,1941.5
1650000325600,Temp Substation,13/06/2025,Friday,38,35,38,40.5,36,33.5,40.5,37,32.5,27.5,28,22,20.5,35,58.5,62,59.5,58.5,59,59,62,55,60.5,52.5,45.5,47.5,46.5,47,50,49,36.5,31.5,27.5,23,29.5,24.5,24,24,21,20.5,29,21,22,26,24.5,27.5,29.5,24.5,1802
1650000325600,Temp Substation,14/06/2025,Saturday,21,29,33,26.5,24.5,28.5,30.5,27.5,24,20.5,29,26,22,32,42,44.5,38.5,32,37.5,38.5,28.5,29.5,39.5,39,35.5,32.5,24,22.5,22,29,24,22,21.5,24,27,23.5,21,20.5,27.5,24,22.5,18.5,21,34.5,26,22.5,26,27.5,1342.5
1650000325600,Temp Substation,15/06/2025,Sunday,29.5,28,25,24.5,32.5,29,27.5,26.5,25,27,30,26.5,24,21.5,27,28,26.5,24.5,23,29.5,25.5,26.5,23.5,22.5,23.5,27.5,20.5,25,20.5,18.5,24.5,27.5,22.5,19,19,26.5,25.5,20.5,25,21,18.5,27,29,26.5,25,25,31.5,28.5,1210.5
1650000325600,Temp Substation,16/06/2025,Monday,28,27,25.5,30,29,28,26.5,21,20.5,35.5,24.5,25,27.5,34,43.5,51,54.5,51.5,51,49,55.5,60,56.5,53.5,53.5,50,52,58,57,48,52,49,52,45.5,32.5,28.5,28.5,28.5,30.5,34,30,27.5,29.5,28.5,28,28,30,29.5,1838.5
1650000325600,Temp Substation,17/06/2025,Tuesday,29.5,30.5,30.5,27,29.5,29,31.5,31,31,30.5,29.5,31,32,42.5,49.5,63,56.5,53.5,59.5,60.5,61,60,60,59.5,57,61,53.5,51,53,57,55,47,48,43.5,34.5,28.5,27,28,29.5,28,27.5,26,25.5,34,35.5,35.5,39,39.5,1982
1650000325600,Temp Substation,18/06/2025,Wednesday,38,37,40.5,40,37,33,35.5,42,35.5,36,39,40,39,40.5,60.5,75.5,59.5,57,58,60,52,59,52.5,55,46.5,48.5,56,53,51,52,49.5,53,52,47,33.5,28.5,25,32,28,26.5,26.5,25.5,30,34.5,31,35,39,42.5,2068
1650000325600,Temp Substation,19/06/2025,Thursday,40,37,45,42,40.5,41,38,38,29,26.5,25.5,27,31.5,31.5,39.5,59.5,56.5,57,51.5,61,55,54.5,60,57.5,54.5,58,64,60.5,61,60,62.5,60.5,57.5,53,33,28.5,28.5,27.5,27.5,26,30,26.5,27.5,29.5,26.5,29,30.5,25.5,2032
1650000325600,Temp Substation,20/06/2025,Friday,26.5,27.5,29.5,24,22,28,24.5,22.5,24,27,18.5,16.5,33.5,31.5,36.5,49.5,58,50,56,63,54,48,53,59.5,51.5,52.5,46.5,44,44,48.5,37,28.5,19.5,25.5,28.5,21.5,18.5,25,22,25,20,24.5,17,25.5,29.5,22.5,19,24.5,1603.5
1650000325600,Temp Substation,21/06/2025,Saturday,29.5,22,20.5,25.5,19.5,27,27.5,21.5,18,22,29,21,17.5,22.5,40.5,40,45,38.5,41.5,34,26.5,23,28,39,31.5,28.5,19.5,27,26.5,19,17,29,23,17.5,16,29,22.5,17,22,20,25.5,18.5,23,19.5,26,27.5,22,19,1225
1650000325600,Temp Substation,22/06/2025,Sunday,22,31.5,22,18.5,23,31.5,23,20.5,24.5,21,25.5,19.5,26,18,20.5,26.5,29.5,22,22,26.5,25.5,21,21,27.5,25,20,18.5,23.5,19.5,24,25.5,22.5,16.5,16.5,31.5,22.5,23,23,22,20.5,26.5,26,24.5,24.5,23.5,28.5,26.5,26.5,1129
1650000325600,Temp Substation,23/06/2025,Monday,26,22.5,23.5,31.5,26,27,26.5,24,23.5,32,25.5,25.5,29.5,38,40.5,59.5,49.5,49,53.5,51,49,50.5,48.5,48,44.5,44,49,49.5,44.5,41.5,42,46.5,36.5,31.5,26.5,30.5,26,29,27.5,31.5,27,24,28,28.5,32,29,30,28.5,1707.5
1650000325600,Temp Substation,24/06/2025,Tuesday,25,31.5,28,27.5,27.5,27.5,28,26.5,27.5,26.5,25.5,27,32,33.5,48,57,57,54,54,51.5,56.5,56,61,61,61,56.5,58.5,62,47.5,50,51.5,51.5,51,54,44,41,39.5,38,45.5,43,43.5,39.5,45.5,44,45.5,37.5,43.5,39,2082
1650000325600,Temp Substation,25/06/2025,Wednesday,41,37.5,44.5,44,40.5,39.5,39.5,41,40,36,30,25.5,26,34.5,51.5,63.5,56.5,61,62.5,58,48,61.5,66.5,58.5,55,53,54,55,44.5,49.5,53,51,53.5,44,38,33.5,32,32.5,32,30.5,33,38,44,43.5,38,35.5,43.5,38.5,2132
1650000325600,Temp Substation,26/06/2025,Thursday,39.5,37.5,43.5,37.5,35,37.5,39,35,35,41.5,41,33.5,35.5,48.5,50,74.5,66,57.5,61.5,52,54,51,49.5,51.5,48.5,48,48.5,47.5,43,43.5,43,43,48,34.5,28.5,33.5,37.5,29.5,26,33.5,34,36.5,35,47.5,41.5,39,42.5,41.5,2060.5
1650000325600,Temp Substation,27/06/2025,Friday,37.5,39.5,50.5,47,43,40,40,45,48,43,32,28.5,35.5,40.5,52,56.5,57,68,64.5,59,60.5,52.5,56,57,55.5,54,52,50,47.5,48.5,38.5,32,29,26.5,26,25.5,24.5,25,24.5,23.5,20,20,32.5,27,24,23.5,30,25,1937.5
1650000325600,Temp Substation,28/06/2025,Saturday,19.5,20,35,24.5,22.5,28,25.5,19.5,19.5,34.5,23.5,20.5,21,28.5,24.5,23,29,35.5,27.5,26,30.5,28,24,24,26,29,23,27.5,25,22.5,21.5,27,20,22,28,24,21,20.5,27,22.5,17.5,21,32.5,23,22,28.5,25.5,21.5,1192
1650000325600,Temp Substation,29/06/2025,Sunday,22.5,28.5,21,20,30.5,28,24,22,26.5,24.5,22,19,23,21,29,24.5,20,19.5,27,21.5,17.5,18.5,29,22,19.5,25,22,19,22,20.5,22.5,20,25.5,22,19,18.5,23,17,22.5,24,21.5,16,16.5,30,23.5,21,26,24.5,1082
1650000325600,Temp Substation,30/06/2025,Monday,22,19,25,28,21.5,21.5,29,23,20.5,22,20,27,22.5,41.5,44,52.5,53,55.5,53,52.5,60,53.5,57,66,60,54,54.5,52.5,49.5,49,48.5,51.5,50.5,50,33,26.5,24.5,31,27,26,25.5,25,22,23,31,26.5,25,27,1782.5
1650000325600,Temp Substation,01/07/2025,Tuesday,39,32.5,30.5,32.5,42,36.5,35.5,40,42,36.5,31.5,30,39.5,46,60.5,63.5,53,54.5,57,55,55.5,54.5,51,55,54.5,56,55,49.5,45,51.5,54,50.5,47.5,49.5,27,24,20,26.5,29,28,26.5,26,32,26.5,23.5,22.5,31.5,30,1959.5
1650000325600,Temp Substation,02/07/2025,Wednesday,27,24.5,32.5,40.5,41,40.5,35.5,37,38,35,35,35,36.5,48,66,77,65.5,62,57,56,64.5,60,59.5,64.5,62.5,54.5,63.5,54.5,51,53.5,55.5,49.5,40,42.5,32,30.5,30,29,30,28.5,27,24,31,30,29,28,31.5,36,2081.5
1650000325600,Temp Substation,03/07/2025,Thursday,43,41,40,41,37.5,38,38.5,40.5,40.5,42,38.5,36.5,43,44.5,63,73,62.5,62,64.5,55,62,55.5,56,54.5,53.5,51,47.5,50,49.5,39.5,39.5,45,48.5,44,38.5,30,27,31,29.5,27,28,30.5,32.5,32,26.5,23,30,30,2056
1650000325600,Temp Substation,04/07/2025,Friday,33,29.5,31,29,29.5,26,26.5,31.5,33,25.5,24.5,25.5,28,37.5,51.5,61,51.5,58,54.5,50.5,49,61,58,45,43,48,40.5,41,37,37.5,36,30,25.5,31,23.5,19.5,25.5,30,24.5,22.5,21,27,22.5,31.5,27,26,26.5,23.5,1670
1650000325600,Temp Substation,05/07/2025,Saturday,23.5,31.5,26,26.5,26.5,23.5,23,30.5,26,26,25.5,22.5,21.5,27.5,28.5,29,29,26,25,34.5,27.5,27,21.5,24.5,33.5,24,23.5,24.5,21.5,26.5,21,25.5,19,17,25,26.5,22,18,19,27,23,20,24,22,24,24,28.5,22.5,1194
1650000325600,Temp Substation,06/07/2025,Sunday,18.5,23.5,30,23.5,21,20.5,24.5,31,26,25.5,22.5,21,30,25,24.5,22,22.5,31.5,26.5,24,21,26,28,25.5,24,22.5,27.5,26.5,25,23,22.5,28,25.5,24.5,21.5,21.5,29,24,25,21.5,21,29,25,26,23.5,23.5,31.5,27,1192
1650000325600,Temp Substation,07/07/2025,Monday,27.5,25,23.5,31,27.5,26.5,26.5,23.5,24,32,25,25.5,27,32.5,55,55.5,54.5,47,51.5,53.5,60.5,59,53.5,55,54.5,47.5,55,53,46.5,43.5,52.5,43.5,43,42.5,31,26.5,24.5,31,27.5,26,25,24,34.5,38,39,38.5,38.5,37.5,1845
1650000325600,Temp Substation,08/07/2025,Tuesday,38,37,36.5,38,40,37.5,40.5,38,39.5,38.5,37,36,40.5,40,57,71,56,53,60,61.5,64,68.5,61,54.5,53.5,55,53,62,54.5,44.5,47.5,45.5,49.5,43.5,35,29.5,27.5,30.5,32.5,30.5,34,28,30,27,27.5,28.5,29,28.5,2070
1650000325600,Temp Substation,09/07/2025,Wednesday,25,23,30,26,23.5,22.5,32,26,26,24,20.5,25.5,23.5,42.5,51,51.5,48,61,57,65,58.5,51.5,55,57,52,58.5,57.5,56.5,50,47,49.5,47,47.5,44.5,32,28,25,34.5,39,29,27.5,31,31,33.5,26,27,31,32,1862
1650000325600,Temp Substation,10/07/2025,Thursday,36.5,34,27,21,24.5,26.5,27,22.5,19.5,24.5,27,22.5,24,25.5,60,60,55,57.5,58.5,56,53.5,51.5,55,59,58,59,55,60,55.5,46,54,49,49,50,33,27.5,24,31,31.5,30.5,29.5,25.5,24.5,28.5,27,26.5,26,26.5,1855
1650000325600,Temp Substation,11/07/2025,Friday,26.5,26.5,29.5,26,26.5,27.5,25.5,22.5,22,28,24,21,27,29.5,55,64.5,56,57.5,54.5,55,56.5,57,54.5,51,51,53.5,52,42.5,47.5,42,34,28.5,26,31.5,26,23,24.5,23,26.5,24,24.5,20,23,30,24,20,19.5,35.5,1675.5
1650000325600,Temp Substation,12/07/2025,Saturday,24,20.5,25,25,25.5,21.5,26.5,21,27,25,25,18,18.5,33,26,26.5,32.5,41,32.5,31,30.5,33.5,37,36,33,25.5,32.5,33.5,34,32.5,23.5,25.5,24,20,18.5,25,27,22,18,22,24,22.5,19.5,25.5,20.5,21.5,30.5,25,1267.5
1650000325600,Temp Substation,13/07/2025,Sunday,19.5,19,28.5,27.5,21,19.5,25,27.5,21.5,26,21.5,17,19,28.5,25.5,26.5,32.5,33,37,38.5,28,28,27,26,25,31.5,22.5,17.5,19,29,21.5,17.5,23.5,18,24.5,24.5,19,16,27,23,17,16.5,32,22.5,19.5,23,26.5,24.5,1163.5
1650000325600,Temp Substation,14/07/2025,Monday,21,25,20.5,26.5,24.5,25,19.5,21.5,31,24,17,17,37.5,32,44,49.5,52.5,52.5,49,47.5,56,48,61,52,47,54,54,59,53.5,42,39.5,41,41,40.5,28,21.5,27,32,23,21.5,25,20,25.5,24,28,21,19,33.5,1674.5
1650000325600,Temp Substation,15/07/2025,Tuesday,25.5,22.5,23,26,31.5,26,25,23,25.5,29.5,25,25,27,31.5,52,52,46,53,54,51.5,49,49.5,45,46.5,50.5,53.5,55.5,52.5,50,46,48,47.5,39,35,29,28.5,26.5,30.5,24,30,27.5,25,25,32.5,29,29,28.5,28,1735
1650000325600,Temp Substation,16/07/2025,Wednesday,25,26.5,32,28,27.5,28,28,27,24.5,29.5,29,27,33.5,36.5,57,67,60,57.5,59,59,60,60.5,60,60,52,47,52,46.5,50,44.5,58.5,57,56,47,34,30.5,28.5,28,26,26,23,22.5,28.5,26.5,23.5,23,30.5,26,1889
1650000325600,Temp Substation,17/07/2025,Thursday,23,24.5,30,25,22.5,25,27.5,25,24,22,26,24.5,25.5,30,52,64.5,57,49,57.5,56,49,53,55.5,56,53.5,47,49.5,46,47.5,50,48,46,42,43,29,25,23,30.5,24,21.5,19,26,28.5,25,20,20,34.5,24.5,1727
1650000325600,Temp Substation,18/07/2025,Friday,21.5,25.5,22,26.5,22.5,27.5,21,19.5,29,28,21.5,18,28.5,36.5,42,52,55.5,51.5,48.5,50.5,54.5,47,52.5,52,49.5,45.5,49.5,50.5,43.5,45.5,33,26.5,26,32.5,24.5,21.5,25.5,21,21.5,23.5,27,19.5,17.5,27,29,21.5,19.5,26,1580
1650000325600,Temp Substation,19/07/2025,Saturday,26,22.5,25,24.5,19,21.5,31,24.5,20.5,18.5,25.5,28.5,20.5,26.5,23.5,41,34.5,32,31,31.5,30.5,24.5,23,33.5,25.5,20.5,18,25,28,19.5,17,24,18.5,24.5,22.5,19.5,17,24,25.5,19,16,26.5,25.5,23.5,18.5,19,34,24,1174
1650000325600,Temp Substation,20/07/2025,Sunday,18.5,19.5,31,25,21,18.5,26,28,23,20.5,24.5,19.5,25.5,19,26,19.5,17.5,24.5,28.5,22.5,17,17.5,33,23,20,18,22.5,25,19.5,25,19,17.5,24,26,21,16.5,17,31,21,19,22,19.5,29,25,21.5,23,24,30,1084.5
1650000325600,Temp Substation,21/07/2025,Monday,24.5,23.5,18,24,31.5,25,24,21.5,21.5,27.5,20.5,27,29.5,26.5,52.5,50,53,53.5,54,49,54.5,55,54.5,54,52,50,54,54,51,51,43.5,49.5,47.5,48,32.5,27.5,24,25.5,29,23,19,18.5,33,26,23,20.5,26.5,30,1733
1650000325600,Temp Substation,22/07/2025,Tuesday,23,22,26,21,28,25,26,21,19,34,25.5,26,29,28,55,62.5,56,59,55.5,52.5,65,64,56.5,50,51.5,54,59.5,55.5,57,56,53,59,50.5,44.5,35,32.5,28.5,29.5,34.5,29,27,26,30.5,27.5,34.5,33.5,32,32,1902
1650000325600,Temp Substation,23/07/2025,Wednesday,29.5,28,36,31,31,30.5,31,27,29.5,35,30,27,33,31,49,60,55.5,53,50,50,53.5,51.5,51.5,54.5,53,56.5,56.5,50,46,49.5,51,44.5,46,45,31.5,24.5,23,28.5,27,22,26,21.5,25.5,24.5,29.5,26,24,23.5,1813
1650000325600,Temp Substation,24/07/2025,Thursday,32.5,26.5,26.5,23.5,23.5,29.5,23.5,19.5,26,27,23.5,22.5,30,29,51,60,50.5,49,48,47,51,48.5,52,53.5,58.5,51,49,48,44.5,45.5,41.5,45.5,39,40.5,31,26,24,31.5,26,23.5,20,19,34.5,25.5,22,20,28,31,1698.5
1650000325600,Temp Substation,25/07/2025,Friday,24,22.5,26.5,23.5,31,26.5,26,24,21,26.5,25.5,27.5,25.5,25.5,43,65.5,53,48,43,45,44,44.5,47.5,42.5,47,48.5,40.5,40,40.5,39.5,30.5,26,25,32.5,24,22,25,22,25,21.5,28.5,20,18,32,25.5,22.5,20.5,25.5,1533.5
1650000325600,Temp Substation,26/07/2025,Saturday,24,25.5,22.5,28,21,21.5,30,26,22,18.5,24.5,30,21.5,21,33,37.5,39.5,40.5,38,38,38,36,37,41,29,23.5,24,26,24.5,24.5,27,22,17.5,21,30.5,22.5,18,22.5,25,23,19.5,27,21,21.5,27.5,26,28,24,1289.5
1650000325600,Temp Substation,27/07/2025,Sunday,24,30.5,27,26.5,24.5,23,29.5,27,25,21.5,18.5,28.5,27,24.5,23.5,20,19.5,32.5,24,22.5,18.5,26,29,21.5,22,27,19.5,21.5,28.5,24.5,19,17.5,27.5,25.5,20,19.5,24,24.5,21,25.5,21,20,25,29,27,24.5,23,31,1161.5
1650000325600,Temp Substation,28/07/2025,Monday,27,27,24,23.5,31.5,26.5,27,24,23.5,31,26.5,25,29.5,28.5,50.5,51.5,51.5,58.5,56,58.5,50,52.5,67,55,63.5,67.5,55,54,50,50.5,47.5,44,53,52,32.5,29.5,27.5,24,23.5,31.5,24,21.5,27.5,24.5,33,28,27,24.5,1841
1650000325600,Temp Substation,29/07/2025,Tuesday,24,33,27.5,26,22,20,33,26,26,23.5,23.5,31.5,32.5,34.5,46,62,61,57.5,57,51,54.5,50,56.5,61.5,49,55,48,49.5,49.5,49.5,51.5,51.5,48,49.5,31.5,27.5,25,25,34,28,22.5,22,33.5,28,26.5,23.5,30.5,33.5,1832
1650000325600,Temp Substation,30/07/2025,Wednesday,25.5,26,26.5,22,27,28.5,26.5,22,20.5,34.5,26.5,24,31.5,30.5,55,61,58,57,49.5,59,66,50,51.5,48.5,55.5,63.5,66,53.5,55,54,56,50,44.5,39.5,31.5,28.5,24,22.5,29.5,25.5,23,21,28,30,24,24,27.5,22.5,1826
1650000325600,Temp Substation,31/07/2025,Thursday,28,26.5,27.5,22.5,19.5,34,27.5,27.5,25,24.5,29.5,27.5,29,34,46.5,59.5,62.5,57.5,52,55.5,50,52,56.5,59.5,57.5,50,56,50,45.5,55,57.5,52.5,49.5,49,31,27,23.5,23.5,30.5,26,22,19,27.5,32.5,28.5,28,28.5,24.5,1828.5
1650000325600,Temp Substation,01/08/2025,Friday,25,33.5,27,27.5,27.5,25.5,24,31,28,28,27,27.5,30,31,54.5,63,60,54.5,58,56,55,52.5,57,52.5,52,49,53,49.5,43,47,34.5,30,22,28,31.5,24,23,26,22,28,22.5,29.5,25.5,25,31,28.5,27.5,25.5,1733
1650000325600,Temp Substation,02/08/2025,Saturday,24,29,29.5,27,26,24.5,25,32,27,27.5,23.5,23,30.5,26,30.5,45.5,43,42,42,45,37.5,40,45,43,46,31.5,28,26,22.5,22.5,30.5,24.5,22.5,21,26,25,24,21.5,20.5,27.5,21,20.5,26.5,23.5,32.5,27,25.5,24,1408
1650000325600,Temp Substation,03/08/2025,Sunday,25.5,31,27,22.5,19.5,29,29,27,26,24,24,32,24.5,21,19,32,26.5,23.5,26.5,26.5,23.5,23,25.5,28,20.5,18.5,28.5,25,22.5,18.5,24.5,24.5,23,21,25.5,19.5,23,27,24,18.5,17.5,31.5,25,23,20,26.5,29,23,1175.5
1650000325600,Temp Substation,04/08/2025,Monday,21.5,27,22,28.5,22.5,27.5,23,24.5,32,27,25.5,23.5,33.5,37,43,45,45,54,52.5,51.5,48.5,48.5,50,54.5,54.5,50,47,50,44,48,44.5,40.5,43.5,46.5,38,33.5,28.5,34.5,38.5,32.5,29,30.5,31.5,35.5,36.5,34.5,33,31,1803
1650000325600,Temp Substation,05/08/2025,Tuesday,33,38,34,32.5,30.5,35.5,36,34,33,31,35.5,36,34.5,41.5,41.5,52.5,60,56,55.5,58.5,56,54.5,56,51,51.5,53,55.5,52,50.5,43.5,43,49.5,48.5,39.5,31.5,28.5,38,33.5,28,26,30,27,33,35,33,31.5,28.5,28.5,1945
1650000325600,Temp Substation,06/08/2025,Wednesday,37.5,31.5,31.5,31.5,29.5,28.5,34,32,31,31,27.5,29.5,43,36,55.5,67,60.5,51.5,54.5,58,53,55,61.5,59,60,49.5,63.5,54.5,56.5,47.5,49.5,50.5,46.5,44.5,33.5,29,26,29.5,29,26,20,21,36,26,22,24,34.5,26,1934.5
1650000325600,Temp Substation,07/08/2025,Thursday,23.5,26.5,23.5,30.5,26,31,25,25,33,28.5,28.5,25,31.5,38.5,53,59.5,56.5,61.5,64,58,61.5,58,51,50,53.5,53,57,57.5,57.5,50.5,45,44.5,52,37,26.5,23.5,31.5,29.5,23,26,23,28,24.5,29.5,23.5,23.5,28.5,31,1848
1650000325600,Temp Substation,08/08/2025,Friday,24.5,21,29,31,27,27,25,24.5,34,28.5,27.5,24.5,32,40.5,48.5,57,55.5,63.5,55,52,49,50.5,49,49,51,47,45.5,50,51.5,42.5,34,30.5,29.5,32,22.5,20,26,30.5,22,22.5,26,21.5,29.5,30.5,25.5,22,26.5,32,1695.5
1650000325600,Temp Substation,09/08/2025,Saturday,27.5,26,25,32,28.5,28.5,25,25,33.5,28.5,28.5,25,23.5,31.5,32,40,39,40,40,40.5,40.5,35,30.5,26,30,28,32,25,21.5,31.5,29,24.5,21.5,26.5,28.5,23,24,26,20.5,26.5,28.5,24.5,21.5,21,37,26.5,22.5,21,1372
1650000325600,Temp Substation,10/08/2025,Sunday,31.5,30,25,26,28,24,29.5,24.5,31.5,25,25,32,26.5,26.5,21,21,32.5,26.5,24,20.5,24.5,27.5,28,23,22.5,26,23,27.5,22,28.5,21.5,18,31.5,24.5,20.5,18,25.5,27.5,21.5,25.5,21.5,19,28.5,29,22.5,20.5,32,27.5,1217.5
1650000325600,Temp Substation,11/08/2025,Monday,21.5,20.5,35,26,23.5,20.5,27.5,32,24,21.5,28.5,26.5,29,30.5,43,51,52.5,51.5,48.5,51.5,50,49.5,51,52.5,57,51,49.5,54.5,56,54,57,42.5,48.5,33,25,27.5,33,23,19,25,31,22.5,22,27.5,26.5,25.5,27.5,23.5,1729
1650000325600,Temp Substation,12/08/2025,Tuesday,20.5,28,29.5,21.5,19.5,31.5,26.5,21,20,27,30,22,29,28.5,52.5,55.5,45,44.5,49.5,58,55,55,59,55,48.5,46.5,52,54,49.5,47.5,42,43,41,54.5,35.5,25.5,26,33,33,22.5,29.5,27,30,25.5,33.5,26,26.5,31.5,1767
1650000325600,Temp Substation,13/08/2025,Wednesday,26,21,20.5,35,25,20,25,30,24.5,21,26.5,23.5,34,30,40,50,61.5,50.5,51.5,54.5,62,63.5,53,52,47.5,51,51.5,50.5,55,47,46.5,45,45.5,35,31.5,37,26.5,32,26.5,22,28.5,31.5,25.5,22,36.5,26.5,21.5,21.5,1764
1650000325600,Temp Substation,14/08/2025,Thursday,34.5,26,21,23,31.5,25.5,20,26,29,23.5,20.5,27,31.5,28,37,50.5,55,49,52,48.5,45.5,45,50,45.5,49,49.5,55,57,49,44,45,46.5,47,37,30.5,27.5,32,26.5,21,24.5,34,24.5,25,31,27,23.5,23.5,31,1705.5
1650000325600,Temp Substation,15/08/2025,Friday,25,23.5,27,27.5,24,22,26,25,28,23,30,25.5,29,28,44,50,49,46,48,53.5,42,44.5,44.5,43.5,46,43,43,42,37.5,33.5,31.5,30,26,24,20.5,24,23,20,18.5,24.5,20.5,19,20,27,22,19.5,21,25.5,1490
1650000325600,Temp Substation,16/08/2025,Saturday,21.5,19.5,24.5,23,20.5,19,25,22.5,20.5,19.5,27.5,22.5,22,22.5,23,22,21,28,26,25.5,24.5,22,22.5,28.5,22,21,19,26,21,18.5,19.5,25.5,21.5,18.5,18,25.5,19.5,18,23.5,21,18.5,19,26.5,22.5,20,19.5,27,22.5,1066.5
1650000325600,Temp Substation,17/08/2025,Sunday,20,22,27.5,24.5,24,24,24,23.5,24,24,21.5,18.5,24,20.5,20,18,19,25.5,21,21,20.5,20.5,19.5,17.5,23,21,20,20.5,20,20,20,17,23,20,19.5,16.5,21.5,21.5,18.5,17,23,21,20,19.5,26,22,20,20,1015
1650000325600,Temp Substation,18/08/2025,Monday,27.5,23.5,24.5,23.5,24,23.5,23.5,24,23.5,24,23.5,23.5,29,27.5,36.5,49,53,49,44.5,48.5,43.5,43,41,43.5,41,40.5,44.5,44,44,40,37.5,37.5,38.5,32.5,27,22.5,27,23.5,21,20,27.5,23.5,21.5,21,28.5,23.5,21,25,1529
1650000325600,Temp Substation,19/08/2025,Tuesday,26.5,25,24.5,24.5,24,24.5,24.5,24,24,24.5,24.5,24,29,31,40.5,46,53.5,52,48.5,46,49,45,44.5,46.5,45,44,52.5,52.5,47.5,50,46,37,41.5,34,27.5,24.5,29.5,24.5,22.5,21,28.5,25,22,28,27,25.5,26,26,1633.5
1650000325600,Temp Substation,20/08/2025,Wednesday,26,26,25.5,25.5,25.5,25.5,26,25.5,25,26,26,26,29,34,44.5,53,56,58.5,51,48.5,51,52,53,45,48.5,45.5,49.5,50,46.5,42,46,44.5,38,32.5,28.5,25,23,23,22,21.5,19,25.5,25.5,25,25,25,24.5,25,1664.5
1650000325600,Temp Substation,21/08/2025,Thursday,24.5,25,24.5,24,24.5,24.5,24.5,24.5,24.5,25,24,25,31,33,43,52.5,59.5,59.5,56.5,53.5,53.5,50.5,51.5,58.5,54.5,48,53,50,40,38.5,40.5,40.5,32.5,31.5,27,23,23,21,21,20,18.5,22.5,24.5,22,19,28,24,23.5,1643
1650000325600,Temp Substation,22/08/2025,Friday,24,23.5,23.5,21,20,25,22.5,23,23.5,24.5,24,23.5,29,29,38,53,46,48.5,48.5,48,52,51,46,44.5,44,44,49,42,34.5,36,30.5,27,25,30,23.5,21.5,25,24,21.5,19.5,26,24,22,20.5,27.5,25,25,25,1503.5
1650000325600,Temp Substation,23/08/2025,Saturday,24.5,24.5,24.5,21.5,20,26,23,21.5,20,26,23,24,22,18.5,18,25,21,18.5,18.5,25,20.5,18,19,24.5,20,17.5,23.5,21,18.5,18.5,25,20,18.5,21.5,22,19,18,24.5,20.5,17.5,19,26.5,21.5,19.5,25,23,20.5,20,1027.5
1650000325600,Temp Substation,24/08/2025,Sunday,26,22.5,20,20,27,21.5,20,24.5,23,21,20,26,21.5,18.5,17.5,25,20,18,20,24,18.5,18,25,19.5,18,24,21,18,18.5,25,19,18,24.5,19.5,18,23.5,20.5,17.5,18,24.5,19,19,26,22,19.5,23,24.5,20,1017.5
1650000325600,Temp Substation,25/08/2025,Monday,20,26,22,19.5,21.5,26,21,19.5,25.5,23.5,21,20,23.5,21,19,18,24,20.5,18,17.5,25,19.5,18,24.5,21,19,17.5,25,21,18,19.5,24,18.5,18,25,19.5,17.5,24,21,17.5,18.5,27,21,19.5,25,23,19.5,20,1013.5
1650000325600,Temp Substation,26/08/2025,Tuesday,27,20.5,20,26,22,20,22,25,21,20,26,22.5,23,25.5,40,43.5,44.5,47,50.5,47.5,42,42,44,43,40.5,43,50.5,50.5,46,39.5,45,38.5,33,29.5,33,25,21.5,26.5,23,19,18.5,27,21,19.5,24,23.5,20.5,19.5,1502
1650000325600,Temp Substation,27/08/2025,Wednesday,26,22,19.5,19,26.5,23,23,22,20.5,19.5,24,22.5,29,32,36,40,41.5,39.5,52,47,44,46.5,48,45,45.5,44.5,43.5,47,40.5,38.5,40,37,35,32,27,22.5,19.5,24,21,18,19,26.5,20.5,19,25,22,22,19.5,1477
1650000325600,Temp Substation,28/08/2025,Thursday,25,23.5,23,22.5,23,22.5,23,23,22.5,22.5,23,23.5,26,31,39,41,40.5,47.5,45.5,41.5,41.5,47,43,39,47,45,43,42,44,37.5,39.5,38,33.5,33,28.5,27,25,24.5,23.5,24,25,25,25,24,24.5,24.5,24.5,24.5,1511.5
1650000325600,Temp Substation,29/08/2025,Friday,24.5,24.5,24.5,24.5,24,24,24.5,23.5,24.5,24,24,24.5,28.5,30,34.5,41.5,41.5,43.5,44,44.5,41.5,43,41.5,42,42,39.5,40,36.5,34.5,30,28,25.5,24,21.5,20.5,20.5,19.5,19.5,19.5,19,20.5,21,20.5,20.5,20,20.5,20.5,20.5,1371
1650000325600,Temp Substation,30/08/2025,Saturday,20.5,20,20.5,20,20.5,20,20.5,20,20,20.5,20,20.5,19,19.5,20,22,22,22,22,21.5,20.5,20.5,22.5,20.5,20,20,20.5,19,18.5,18,18.5,18.5,18,17.5,18,17.5,18,18,18,18,18.5,19,19.5,19.5,19.5,19.5,19,19.5,945
1650000325600,Temp Substation,31/08/2025,Sunday,19.5,19.5,19.5,19.5,20,20.5,19.5,20,19.5,20,20,20,19,18,18.5,18.5,19,19,19,18.5,19,18.5,18,18.5,18.5,18.5,18,17.5,17.5,17.5,17.5,17.5,17.5,17.5,17.5,17.5,17,17.5,17.5,17.5,18.5,19.5,19,19.5,19,19.5,19.5,19,896.5
1650000325600,Temp Substation,01/09/2025,Monday,19.5,19.5,20,19.5,20,19.5,20,20,19.5,19.5,20,21,21.5,22.5,33.5,37,38,38.5,39,39.5,37,39.5,40,37,36,38,38,37,37.5,35,34.5,31.5,30.5,29,22.5,21,20,19,19,18,20,20.5,20,20,20.5,20,20,19.5,1288
1650000325600,Temp Substation,02/09/2025,Tuesday,20,20,19,20,19.5,19.5,20,19.5,20,20,20,20.5,25,29,36,41.5,42.5,42,43.5,42.5,44,39,42.5,38.5,43.5,42,39.5,37.5,37,33.5,34,34,30,27.5,24.5,22,20.5,20,19,19,20.5,20,20,19.5,19.5,19.5,19.5,19.5,1345.5
1650000325600,Temp Substation,03/09/2025,Wednesday,19.5,19,19,19.5,19,19,18.5,18.5,19,18.5,18.5,19.5,23,26,35,41.5,44,42,42.5,44.5,43.5,45.5,45.5,44,42.5,44.5,42.5,42,38.5,41.5,36.5,33.5,32,30,27,23,22,21,20.5,20.5,21.5,21.5,22,21.5,21.5,21.5,21,21,1393.5
1650000325600,Temp Substation,04/09/2025,Thursday,21.5,21,21,21,21,21,20.5,21.5,21.5,21,21,22,24.5,30,38.5,44,43,41,44,45,45,43,44.5,43.5,43,42,41,43,41,40,39,37.5,34,32,28.5,27.5,26,25.5,24.5,24.5,25,24.5,24,24,24.5,23.5,24,23.5,1482
1650000325600,Temp Substation,05/09/2025,Friday,23.5,23.5,24,23.5,23.5,23.5,24,23.5,23.5,23.5,23.5,24,30,33,40.5,43,42.5,46,45.5,43,39.5,40.5,43,41.5,41.5,37.5,37,33,33.5,31,32,29.5,25,22,22,20.5,21,20,20.5,20,21.5,21,21,22,21,23,20.5,22.5,1390
1650000325600,Temp Substation,06/09/2025,Saturday,20.5,23,21,22.5,21,23,20.5,21,20.5,20.5,20.5,20.5,20.5,20,23,23.5,23.5,23.5,22.5,22,21,21.5,21,21.5,21,21,20,20,19.5,19,19,18,18.5,18,18,17.5,18,17.5,17.5,18,20,19.5,19.5,20,19.5,20,20,19.5,976.5
1650000325600,Temp Substation,07/09/2025,Sunday,20,20.5,20,19.5,20,19.5,19.5,20,19.5,20,20,20,19.5,18.5,18.5,18,18,18,18.5,18,18,17.5,18,18,17.5,18,17.5,18,18,18,17.5,17.5,17.5,17,17.5,17,17.5,17,17.5,18.5,19.5,19,19,19,19,19,19.5,19,891.5
1650000325600,Temp Substation,08/09/2025,Monday,19,19.5,19.5,19.5,19.5,19,19.5,19.5,19.5,19.5,20,20.5,23,24,35,38,39,40,41,40.5,37,36.5,38,39.5,38.5,35,37.5,36,38,35,34,32.5,31.5,27.5,24,22,21,20.5,19.5,20,21.5,21.5,21,21,20.5,21,21,20.5,1306.5
1650000325600,Temp Substation,09/09/2025,Tuesday,21.5,20.5,21,20.5,21,20.5,21,21,20.5,21,21,22.5,29.5,30,39.5,46.5,45,44.5,44.5,44,39.5,40.5,43,41,41.5,40.5,37.5,39.5,37.5,37,34,34,31,28,25.5,23.5,21.5,20,19.5,19,20.5,19.5,20,20,19.5,19.5,19.5,19.5,1387
1650000325600,Temp Substation,10/09/2025,Wednesday,19,19,19,19,19,19,19,19,19.5,19,19,20,25.5,29.5,35.5,44,42,42,44.5,42,40.5,37.5,42,41,40,42.5,42,38.5,36.5,33,35,33,31.5,28.5,25,21.5,19.5,19.5,18.5,20,20,20,20.5,20,19.5,20,19.5,20,1339.5
1650000325600,Temp Substation,11/09/2025,Thursday,20,19.5,20,20,20,20,19.5,20,19.5,20,20,21,28.5,28.5,39.5,42,45,47,49,42,45,40.5,43.5,42,44.5,40,41,42.5,40.5,40,42.5,39.5,36,32.5,32.5,29,28,25,25.5,25.5,24.5,23,22.5,21.5,22,21.5,21.5,21.5,1474.5
1650000325600,Temp Substation,12/09/2025,Friday,21.5,22,21.5,22,22.5,21.5,21.5,22,21.5,21.5,21.5,23,28,29,42,44,49.5,50,52,48.5,48,44.5,45.5,41,40.5,39,40.5,37,36.5,33.5,32.5,29.5,28,26.5,24.5,23.5,23,22,22,22.5,22.5,23,23,22.5,23,22.5,23,22.5,1447
1650000325600,Temp Substation,13/09/2025,Saturday,23,22.5,22.5,22.5,22.5,23,23,23,23.5,23,23,23.5,23,22,22,24,24,25.5,25.5,25.5,24.5,24,26,25.5,25,24,23,23,21.5,20.5,21,20.5,20.5,21,21,21,21,21,21,22.5,22.5,23,23,22.5,22.5,22,23,22.5,1095
1650000325600,Temp Substation,14/09/2025,Sunday,23,23,23.5,23,23.5,23,23.5,23.5,23.5,23.5,24,23,22.5,21.5,21,21.5,22.5,23,21.5,21.5,22,21.5,22,22,22,22,21,21.5,22,22.5,22.5,22.5,23,22,22,22.5,22,22,22,23,23.5,23,23,23,22.5,22.5,23,22.5,1080
1650000325600,Temp Substation,15/09/2025,Monday,22.5,22.5,23,23,23,23,23,23,23.5,23.5,23,24,25.5,25.5,36.5,43,44,42.5,43,42,41.5,38.5,41,42,43,39.5,38.5,39,40,39,40,39,39,35,33.5,30,28.5,27.5,26.5,28,27.5,27.5,27.5,26.5,27,27,26,27,1524
1650000325600,Temp Substation,16/09/2025,Tuesday,26,25.5,25.5,26,25.5,26,26,26,26,26,25.5,27,29.5,38,42,47,49.5,50.5,49,48,48.5,49,47,46,46,43,42.5,44.5,42,40.5,39,36,37.5,32,28.5,26.5,24.5,24.5,24,25.5,25,24,24,24.5,23.5,24,23,23.5,1603
1650000325600,Temp Substation,17/09/2025,Wednesday,23,23,23,23,22.5,23,23,22.5,23,23.5,23.5,25,29.5,38.5,44,49.5,48.5,51.5,51.5,48,51,50,47,52,52,47,45.5,43,37,36.5,36.5,35.5,33,33,29,31.5,30,28,27.5,29,28,27,27,26.5,26.5,26.5,26.5,26,1627
1650000325600,Temp Substation,18/09/2025,Thursday,26,25.5,25.5,25.5,24,25.5,25.5,25,26,26,25.5,26.5,32,31,40,44,44.5,46.5,45.5,46,43.5,43.5,44.5,43,40,39.5,38.5,38,37.5,35.5,35.5,36,29,24.5,21,20,19,19,19,21,20,20,20.5,19.5,20,19.5,19,19,1441
1650000325600,Temp Substation,19/09/2025,Friday,19.5,19,19,19.5,19,19,19,19,20,19.5,20,20.5,26,28,36,41.5,43,42.5,42.5,38,42,40,40.5,40,40,37.5,36,33,30,30,27.5,26,24,23,20.5,20,18.5,18.5,19,20,19,19,19.5,19,19,19.5,19.5,19,1270
1650000325600,Temp Substation,20/09/2025,Saturday,19,19.5,19,19,19,19,18.5,19.5,19,18.5,19.5,19.5,19.5,20,22,22.5,24,24,23.5,24,22.5,22.5,24,24,24,22.5,23,22.5,21,22.5,22.5,23,22,22,22.5,21.5,21.5,23,23,23.5,25,23.5,23.5,23.5,23.5,24,24,24.5,1053
1650000325600,Temp Substation,21/09/2025,Sunday,24,24,24,23.5,23,23.5,24.5,23.5,24,24,24,23.5,24,23,22,22,22,22,22.5,22,21.5,22,22,22,22,21.5,22,21.5,21,21,21,21,21,21,21,21.5,21,21,21.5,22.5,22,22,22,22.5,22.5,23,22.5,22.5,1073
1650000325600,Temp Substation,22/09/2025,Monday,23,22.5,23,23.5,23,23,23,23,23,24,23.5,25,27.5,28.5,39,44.5,47.5,47.5,48.5,47,45.5,44.5,44.5,48,48.5,46,45.5,42.5,41.5,40.5,40,37.5,35,34.5,30.5,27,25,24.5,24.5,26,25,24.5,24,24.5,24,24,23.5,24,1554.5
1650000325600,Temp Substation,23/09/2025,Tuesday,24.5,24,24.5,25,24.5,24.5,24.5,24.5,25,24.5,25,27.5,31.5,36.5,50.5,50.5,50.5,52,51.5,49.5,50.5,48.5,49.5,48.5,44,42.5,44,43,40.5,40,38.5,38.5,33.5,31.5,26.5,23.5,21,20.5,21,21.5,22,21,22.5,21,21,21.5,20.5,21.5,1568.5
1650000325600,Temp Substation,24/09/2025,Wednesday,22.5,21.5,22,22,21.5,22,22,22.5,22,22.5,22.5,23.5,30,31.5,42.5,49.5,50,50.5,48,47.5,45.5,49,48.5,48.5,46.5,45,45.5,43.5,40,41,41,37.5,36,34.5,33.5,28,26.5,24,23.5,24.5,24,24,23.5,24,23.5,23.5,23.5,23,1567
1650000325600,Temp Substation,25/09/2025,Thursday,24.5,24,23,23.5,23,24,23.5,23.5,24,23,23.5,25,30,35,44,49,50,51,48,50,46.5,49.5,49,43.5,46,43.5,43.5,44,40.5,39,40,38.5,34,32,31.5,26.5,24,22.5,22,22.5,22,23,22.5,22,21.5,21.5,21,22,1555.5
1650000325600,Temp Substation,26/09/2025,Friday,22.5,22.5,22.5,21.5,21.5,21.5,21.5,22,22,21.5,22.5,24.5,29.5,30.5,42.5,48,47.5,48.5,48,44.5,43,44,43,41.5,43.5,40,40,38,34.5,34,34.5,30.5,27.5,25,24,23,21.5,22.5,22.5,23,23,22.5,22.5,22.5,23,22.5,23,22.5,1442
1650000325600,Temp Substation,27/09/2025,Saturday,22.5,23,23,22.5,22.5,23,22.5,23,23,23,23,23.5,24.5,24.5,23.5,23,23.5,23.5,23.5,23,23.5,22.5,22,21.5,21,21,21,20.5,20.5,20,20.5,21,20.5,21,20.5,20.5,20.5,21,22,22,22.5,22.5,22,22.5,23,22.5,22.5,23,1067
1650000325600,Temp Substation,28/09/2025,Sunday,22.5,23,23,22.5,23,23,22.5,23,23,23,22.5,23,22.5,22.5,21.5,20.5,21,21,20.5,21,22,22,21,21,21.5,21.5,21.5,20.5,20,20.5,20,20,20.5,20,20.5,20,20.5,20,21.5,22,22,22.5,22.5,22.5,21.5,21.5,22,22,1037.5
1650000325600,Temp Substation,29/09/2025,Monday,22,22.5,22.5,22.5,22.5,22.5,22.5,22.5,23.5,22.5,23,26,28.5,31,41,46.5,48,49.5,46.5,47.5,46,50.5,46,47,47.5,44,45,45,41,39,39.5,36,35,33.5,30.5,27.5,25.5,23,24.5,24,24,24,24,24.5,24,23.5,23.5,23.5,1554
1650000325600,Temp Substation,30/09/2025,Tuesday,23.5,23.5,23,23,22.5,23,22.5,22.5,23,23,22.5,24,30.5,33.5,42.5,46,47.5,49,52,53,50,52,51,45.5,49,45,45,42.5,41,38.5,36.5,36.5,33.5,32,30.5,26.5,24.5,24,24.5,23.5,22.5,23,22.5,23,22.5,21.5,22.5,21.5,1560.5
1650000325600,Temp Substation,01/10/2025,Wednesday,22,21.5,22,21,20.5,21,21,21,21.5,21,21,23,29.5,34,46,47.5,47.5,50.5,54,54,53,53,51,53,57,53,50.5,53.5,53.5,47.5,46.5,42,38,34,32.5,29,26,25.5,26,25.5,25.5,25,24.5,25,24.5,24.5,24,24.5,1667
1650000325600,Temp Substation,02/10/2025,Thursday,24.5,24,23.5,23.5,23.5,23.5,24,23.5,24,24,24,26,32,34.5,43.5,47,49.5,46.5,49.5,53.5,47.5,46.5,44.5,47,44.5,44,43.5,43,39.5,40.5,40,40.5,37,34.5,33.5,29.5,27.5,27,27,27,26,26.5,26,25.5,25.5,25.5,25,24.5,1612.5
1650000325600,Temp Substation,03/10/2025,Friday,25,25,24.5,24.5,24,24.5,24,24,24.5,24.5,24,25.5,34,30.5,41.5,46,50,46.5,47,47.5,44.5,45.5,46,46,43.5,42.5,41.5,39.5,38.5,36,34.5,34,31.5,30,28.5,28,27.5,27.5,28,28,28,28,28.5,28.5,28.5,28,27.5,28,1583
1650000325600,Temp Substation,04/10/2025,Saturday,27,27.5,27.5,27,27.5,28,27.5,28,27.5,28.5,28.5,28,28,29.5,31,31,32.5,31.5,31,33.5,30.5,31,32,33,32,32,32.5,31,29,29,29.5,28.5,28,27.5,28,28,28,29,29.5,30,30,30.5,30,30.5,30.5,31,30.5,32,1423.5
1650000325600,Temp Substation,05/10/2025,Sunday,32,31.5,32,31.5,31.5,31.5,31,31.5,31,31.5,31.5,31,30.5,31,30.5,29.5,29,28,28.5,28,28.5,27.5,28,27.5,27.5,28,27.5,28,27,27,27,27.5,26,27,26.5,27,27,28,28.5,28,28.5,27.5,28.5,28,28.5,27.5,27.5,28,1385.5
1650000325600,Temp Substation,06/10/2025,Monday,28,28,28,28,28.5,28,28,28.5,27.5,27.5,27,29,30.5,32,40.5,43,45.5,46,44.5,47,45,43.5,45,45.5,47,44,43,41.5,42,38,41,40.5,36.5,38.5,35.5,30.5,28,28,28.5,27.5,28,27.5,27,27,27,27,26.5,26,1650
1650000325600,Temp Substation,07/10/2025,Tuesday,26,26,25.5,25.5,25.5,25.5,25.5,26,25.5,25.5,25.5,26,32.5,35,44,46.5,48,50.5,53,50.5,49.5,49,50,49,51.5,47.5,48,48.5,44.5,42.5,41,38,37,35,33,29,26.5,27,26,25.5,25,25,25,25.5,25,25,25,25,1666.5
1650000325600,Temp Substation,08/10/2025,Wednesday,25,24.5,24.5,24,24.5,25,24.5,24.5,25,24.5,24.5,26.5,31.5,34.5,46,48.5,48,50.5,54.5,55.5,53,52.5,55,56,56,52,53.5,53,48,43.5,47.5,45.5,42,40,39.5,34.5,31,31,30,29,28.5,28,28,28,27.5,27.5,28,28,1782
1650000325600,Temp Substation,09/10/2025,Thursday,28,27,27,27,27,26,26.5,26,26.5,26.5,26,29,33.5,40.5,53.5,56.5,59,57,57,54.5,53,55.5,57,58,55.5,53,51,50.5,50,46,46.5,45.5,42,38,39.5,35,31.5,32,31,30,29,29,29,29,28,28,28,28,1862.5
1650000325600,Temp Substation,10/10/2025,Friday,27.5,27.5,26.5,27,27,27,27,26.5,26.5,26.5,26.5,28,33,35.5,44,50,50.5,51,47,47,48,49,49.5,49,47,45.5,46,44,40,35.5,35.5,32.5,29,27,26,26.5,27,27.5,28,27.5,27.5,28,27.5,28,28,28.5,28,27.5,1644.5
1650000325600,Temp Substation,11/10/2025,Saturday,28,28,27.5,27.5,27.5,28,27.5,27.5,27.5,27.5,27.5,27.5,28,29.5,30.5,31.5,30,30.5,30.5,30.5,29,30.5,30.5,30,27.5,29,28,27,24.5,24,23.5,23.5,23,23,23.5,23,24,25,25.5,25.5,25.5,25.5,26,26,25.5,26,26,26.5,1299
1650000325600,Temp Substation,12/10/2025,Sunday,26.5,26.5,27,26.5,27,27,27.5,27.5,26.5,27,27,27,27,28,30,29.5,28,27,28.5,28.5,27.5,27,27.5,27.5,26.5,26,26.5,26,27.5,27,27.5,27,26.5,26.5,26,26.5,27.5,28,28,27,27.5,27,27.5,27,27.5,28,28.5,28,1310
1650000325600,Temp Substation,13/10/2025,Monday,27.5,28,27.5,28,27.5,28,27.5,27.5,27.5,27.5,27,28.5,30,31,41.5,48.5,48,47.5,49,48.5,49,52,49.5,48.5,50,43.5,49.5,47,47.5,46,46,41.5,39.5,36,35.5,31,29,29,28,27,27.5,26.5,27.5,27,27.5,26.5,27,26.5,1717
1650000325600,Temp Substation,14/10/2025,Tuesday,26.5,25.5,26,26,25.5,26,26,25.5,26,26,26.5,27.5,31.5,36.5,46,51,51,53.5,51.5,52,51,51,54.5,47,52.5,51.5,52.5,50,47,43,45.5,47,42.5,41,39.5,35,33.5,34,33.5,33,33,32,33,32,32.5,32,32,32,1829
1650000325600,Temp Substation,15/10/2025,Wednesday,31.5,31.5,31,31.5,30.5,30,31,30.5,30.5,31,31,32.5,36,40.5,53,58.5,57,57.5,57.5,58,56,56.5,59,59.5,58,57,53.5,55,51,48.5,50,51.5,50.5,47,47.5,42.5,39,38,37.5,37,36.5,35.5,35.5,34.5,34.5,34.5,34,33.5,2063.5
1650000325600,Temp Substation,16/10/2025,Thursday,34,34,33.5,33,33,34,33,33.5,33,33.5,33.5,36,43.5,47,56.5,60.5,57.5,56,59,55.5,55,56.5,54.5,52.5,55.5,56,57.5,54,48.5,45.5,47.5,44.5,44,42,42.5,38.5,37.5,37.5,35.5,33.5,33.5,33.5,33.5,33,33,32.5,32.5,32,2041.5
1650000325600,Temp Substation,17/10/2025,Friday,32,32.5,31.5,31.5,32,31.5,32,31.5,32,32.5,32,33.5,38.5,41.5,49.5,52,55.5,54.5,54.5,53,49,51,51.5,52.5,50.5,48,46.5,41.5,39.5,36.5,35,32.5,32,29.5,28.5,28,28,28,27.5,27.5,27.5,27.5,26,27,26.5,26.5,26.5,26.5,1760.5
1650000325600,Temp Substation,18/10/2025,Saturday,26.5,26,26,26.5,25.5,26,26,26.5,26.5,26.5,26,26.5,27,26.5,28.5,32.5,32,32,32.5,32.5,30,31,30.5,29,27,27,27,26,26.5,25.5,26,25.5,25.5,25.5,25,26,27,28,27.5,27.5,27,27.5,27.5,28,27.5,28,28,28.5,1323
1650000325600,Temp Substation,19/10/2025,Sunday,28,28,27.5,28,28.5,28,28,28,28.5,28,28.5,28.5,29,29,29,28.5,27,27,26,26,27,26,26.5,26.5,27,27,26,27,26.5,25,25,25,24.5,25,25.5,25,26.5,27,27,26.5,26.5,26,26.5,26.5,26,26.5,27,26.5,1292
1650000325600,Temp Substation,20/10/2025,Monday,27,26.5,26.5,27,26.5,27,26.5,26.5,26.5,27,27,28.5,30.5,32,45,50,51,52,53,53,52,51,51.5,52.5,52,49,50.5,49,46.5,47.5,48,45.5,42.5,41.5,38.5,34,33,33,32,31.5,31.5,31,31,30.5,30.5,30.5,30,29.5,1814.5
1650000325600,Temp Substation,21/10/2025,Tuesday,29.5,30,30.5,29.5,30,30,30,30,30,30,30,32.5,38.5,41.5,49.5,59,57.5,53.5,55,56,56,57,56.5,54.5,52.5,54.5,51.5,48.5,47,46.5,46.5,44,45,42,39,37.5,36.5,36,35,34.5,33,33.5,32.5,33,32,31.5,31.5,31,1951
1650000325600,Temp Substation,22/10/2025,Wednesday,31,31,31.5,30.5,31,30.5,30.5,30.5,31,30.5,30.5,33,36.5,42.5,51,55,55,55.5,56,56,58.5,55.5,60,55,54,51,54,51.5,51,48.5,46.5,46,43.5,41.5,40,37,35.5,35.5,35,33.5,33.5,33,33,33.5,33,32.5,32.5,32.5,1975.5
1650000325600,Temp Substation,23/10/2025,Thursday,33,32.5,32,32.5,32,32.5,32.5,32,32.5,32.5,32,34.5,39,46.5,55,58,58,61,61,61.5,61.5,60,63.5,63.5,55,56.5,57,58.5,57.5,55,56.5,52.5,49,46.5,43.5,41,39,37.5,36,36,35,34.5,34.5,33.5,33.5,33.5,34,33,2127.5
1650000325600,Temp Substation,24/10/2025,Friday,34,33,33.5,33.5,33,33.5,33.5,33.5,33.5,33.5,33,37,40.5,45.5,53,59,58,60,61.5,59.5,56,54,56.5,52,54,48,49,47,45,43,39,37,35,32,30,31,31,32,31.5,31.5,31,31,32,31.5,32,31.5,31.5,31.5,1928
1650000325600,Temp Substation,25/10/2025,Saturday,31.5,32,32,31.5,32,32,32,32,32,32,32,31.5,31.5,33,38,39,39,39,38.5,38.5,37,38.5,37,38.5,37,37,35,35,34.5,34,34,34,32.5,34,33.5,34.5,35.5,35.5,36,35,36,36,36,36,36.5,36.5,35.5,36.5,1676
1650000325600,Temp Substation,26/10/2025,Sunday,37,36.5,72,73,36,36.5,36,36.5,37,37.5,37.5,38,37,36.5,34.5,33,33.5,34,33.5,32.5,32.5,33,34,33,33.5,33,32.5,32.5,32.5,30.5,31,31.5,32,34,34,33.5,34,34,34,34.5,35,35,35.5,36,35,35.5,36,35.5,1731
1650000325600,Temp Substation,27/10/2025,Monday,35.5,35,36,36.5,36,36.5,36,36,36,36.5,36,38.5,40,42,51,59,57.5,56.5,59.5,58.5,59,61,58.5,56,53,52,57.5,57,57,56.5,53.5,50.5,48.5,45.5,43.5,41,39.5,38.5,37.5,37,37,37.5,36.5,37,36.5,36,36,35.5,2153
1650000325600,Temp Substation,28/10/2025,Tuesday,36,35.5,37,36,35.5,35.5,36.5,35.5,36,35,36,39,43,46.5,56.5,64,62.5,62.5,64.5,63,64.5,64,62.5,62,67,64,63.5,62.5,59.5,57,59,53,53.5,50.5,48,44.5,42,39.5,38,38,38.5,38.5,38,38,37,37,36,36.5,2288
1650000325600,Temp Substation,29/10/2025,Wednesday,36.5,35.5,36.5,36,35.5,36,36.5,36.5,36,36.5,36,39,44,47.5,56,64.5,66,66.5,65.5,64.5,64,63,59.5,59,58,58,56.5,55,51.5,48.5,50,47.5,46.5,45.5,42.5,37.5,35.5,34.5,34.5,34,33.5,33.5,34,34,33.5,34,33.5,34,2162
1650000325600,Temp Substation,30/10/2025,Thursday,33,33,32,33,32.5,32.5,32.5,32.5,33,32.5,32,34.5,39,41.5,52,57.5,62.5,61.5,61.5,60.5,62,60.5,57.5,56,59,60,61.5,60.5,55,54.5,56.5,54,50.5,51.5,47.5,42,39.5,39,37.5,37,37,36.5,36.5,37.5,37.5,36.5,37,37.5,2166.5
1650000325600,Temp Substation,31/10/2025,Friday,37.5,37,36.5,36.5,36.5,36,35.5,35.5,35.5,35.5,35,37,39.5,45.5,51.5,60,59,59,58.5,61,59,61.5,57.5,53,57,54.5,49,49.5,46.5,45.5,43,40.5,39,38,37,36.5,36,35,35,35,35,34.5,35,35,35,34.5,35,35,2055
1650000325600,Temp Substation,01/11/2025,Saturday,35,35,35.5,35.5,35.5,35.5,36,35.5,35.5,36,35,34.5,34.5,34.5,33.5,37.5,37,34,34,35,34,35,36,36,36,34.5,33.5,33.5,32.5,32.5,31.5,33,33,34,34.5,34.5,34.5,34.5,34.5,34.5,35,34.5,34.5,35.5,35,36,35.5,35.5,1668
1650000325600,Temp Substation,02/11/2025,Sunday,36,36,36,36.5,36.5,36,36,36.5,36,36.5,37,36.5,36,36,34.5,33,33,31.5,31.5,31.5,31,32,31.5,30,30.5,31,31.5,31.5,30.5,31,31,31,32.5,34,35.5,35,35,35,35,35,34.5,35,34.5,35.5,35.5,35.5,35,35.5,1633
1650000325600,Temp Substation,03/11/2025,Monday,35.5,35.5,36,36,36,36.5,36,36.5,36,36,36,37.5,38,39.5,50,55.5,56,59,60,56.5,56.5,55.5,55,54,53,54.5,52,53,49,51,51,48,45.5,46,41,37,36,33.5,32.5,32.5,32.5,32,32,31.5,32,32,32,31.5,2040
1650000325600,Temp Substation,04/11/2025,Tuesday,31,31.5,31.5,32,31.5,31,31.5,31.5,31,31,31,33,36.5,42,49.5,56,57.5,55,59.5,61.5,57,56,56.5,54.5,53.5,53,53.5,53,49,51.5,51.5,51,49.5,48,42,36.5,34,33,32,31.5,31.5,31,30.5,30.5,30.5,30.5,31,30,1987
1650000325600,Temp Substation,05/11/2025,Wednesday,30,29.5,29.5,30,29.5,29.5,29.5,29,29.5,29.5,29.5,30.5,34,40,48.5,52.5,55.5,54.5,52,55.5,54,55,52,53,52.5,53.5,53,50,49.5,46,51.5,48,45.5,44,38.5,36.5,35.5,34,34,33.5,33,32,33.5,32,31.5,31.5,31,30.5,1922.5
1650000325600,Temp Substation,06/11/2025,Thursday,30.5,30.5,30.5,30.5,30.5,30.5,30.5,30.5,31,30.5,31.5,32.5,37,40,49,56,50.5,53,55.5,56.5,53.5,52.5,51.5,50,51.5,52.5,51,50.5,50.5,46.5,47.5,46,44.5,45.5,42,38.5,37,35.5,35,34,34,33.5,33.5,33.5,33,32.5,33,33.5,1949
1650000325600,Temp Substation,07/11/2025,Friday,32,33,32.5,32.5,33,33,32.5,33,32.5,32.5,32.5,34.5,39.5,41.5,47,54,54.5,53.5,53,51,48.5,48,50,51.5,52,50.5,46,46.5,42.5,40,40.5,39.5,36,35,34,33.5,32,32,32,31.5,31,31.5,31.5,31,31,31,31.5,31,1858.5
1650000325600,Temp Substation,08/11/2025,Saturday,31,30.5,31,31,30.5,31,31,31,31,31,31,31.5,31.5,32,33.5,35.5,36,35.5,35.5,35,33,37,37.5,36.5,38,38,36.5,35,34.5,35.5,34,32.5,34,35,36,35,35.5,35,34.5,35,35,35.5,35.5,34.5,36,35.5,35,35,1636
1650000325600,Temp Substation,09/11/2025,Sunday,35.5,35,35.5,36,35.5,35.5,35.5,35.5,35.5,35.5,35,36,36,36,35.5,34,33,32,32,31.5,32.5,32,33,32.5,33,32,32,31.5,32,32,32,33,34,35.5,35.5,36,36,36,36,36,36.5,36,35.5,36,36,36,35.5,35.5,1655.5
1650000325600,Temp Substation,10/11/2025,Monday,36,35,35.5,35.5,35.5,35,35.5,35.5,35,35,35,36.5,37.5,40,46.5,51.5,53.5,54,53.5,52.5,50.5,54.5,55.5,54,55.5,55,51.5,53.5,54,53,50.5,50.5,49,47,42.5,38.5,36.5,35.5,35,34.5,35,34.5,34,34,34,34,34.5,34,2044.5
1650000325600,Temp Substation,11/11/2025,Tuesday,34.5,34,34.5,34.5,34.5,34.5,33.5,34,34.5,34,34.5,36,42,45.5,54.5,59.5,61,67,62,63.5,64.5,63.5,62,61,60.5,59,55.5,56,52,52,52,53,50.5,49.5,45,41,37.5,36.5,35.5,35,34.5,34,33.5,33.5,33,33,33,33,2157
1650000325600,Temp Substation,12/11/2025,Wednesday,33,32.5,32.5,33,32.5,32.5,32,32,32,32.5,32,33.5,38,41.5,48.5,56,57,60,59.5,62,59,57.5,55.5,55.5,56,56,60,58.5,52.5,53.5,53.5,53,52,50,48,42,40,39.5,37.5,37,36.5,36,36,36,36,36.5,35.5,35.5,2117
1650000325600,Temp Substation,13/11/2025,Thursday,35.5,36,36,35.5,36,36,36,35,35.5,35,35.5,38,42,45.5,54.5,59.5,58,58.5,55.5,54,51.5,51,51,51,51,50,49,48.5,45.5,45,45.5,44,45,44.5,44,38.5,35.5,34,33.5,32.5,32.5,32,32.5,32,31.5,32,31.5,32,2004
1650000325600,Temp Substation,14/11/2025,Friday,32,31.5,32,31.5,31.5,31.5,32.5,32,32.5,32,32,33.5,41,42,49.5,59.5,61.5,62.5,63,66,64.5,65.5,60.5,58.5,55,57.5,55,51,49,51,50,50.5,49.5,46,45.5,45,44.5,45,45.5,45,45,45,46,45,45,44.5,45.5,44.5,2224
1650000325600,Temp Substation,15/11/2025,Saturday,44.5,45,44.5,45.5,45.5,44.5,44,44,44,43.5,44,44,44,44,44.5,42.5,41,39.5,40,40,39.5,38.5,37.5,37.5,37.5,37,37,37,37,36.5,36.5,37.5,38.5,40.5,39.5,40,40.5,39.5,40.5,40,39.5,40,39.5,40,40,40.5,40.5,40.5,1957
1650000325600,Temp Substation,16/11/2025,Sunday,39.5,39.5,39.5,39.5,39.5,39.5,40,39,39,39.5,39.5,39.5,39,41,41.5,43,42,40.5,40.5,37.5,36,37.5,35.5,34,33.5,34.5,35,36,35,34,34.5,35,36.5,37.5,39,39,40.5,40.5,41,41,41,40.5,39.5,40.5,40,39.5,39.5,41,1855.5
1650000325600,Temp Substation,17/11/2025,Monday,41,40,40.5,41.5,40.5,40.5,40.5,41,40,41.5,41,42,43,45.5,56.5,60.5,61,63.5,65,68.5,66,65,65.5,62,65,64,65,67.5,64,64,63.5,60.5,58.5,58,55.5,51,48.5,46.5,47.5,47.5,47.5,45.5,46.5,45.5,46,45.5,45.5,46,2506.5
1650000325600,Temp Substation,18/11/2025,Tuesday,45.5,44.5,45.5,45.5,46,45.5,44.5,45.5,45.5,45.5,45,47.5,56.5,55.5,61.5,68,66.5,74,71,73,72,75,70,70.5,69.5,70,68.5,67.5,67,67,65.5,61,59,57,52,49,46.5,45.5,44,43.5,43,43.5,42.5,43,42.5,42,42,42.5,2633
1650000325600,Temp Substation,19/11/2025,Wednesday,42,42.5,42.5,43.5,44,45.5,46,46.5,46.5,46.5,46,48,56,57,65,71.5,72,70,70,71,71,75,74,70.5,72.5,72.5,72,76.5,71.5,70,69.5,67,61.5,64.5,60.5,54,54,51.5,51,51.5,50.5,49,49,49,48.5,49,48,48.5,2774
1650000325600,Temp Substation,20/11/2025,Thursday,48.5,48.5,48.5,48.5,48.5,48.5,48.5,48.5,49,49,48.5,51,58.5,58,66,72,73.5,75,76,74.5,75.5,75,72.5,70.5,70.5,68.5,70.5,70.5,65.5,64,67.5,66,63.5,62,57.5,52.5,52,50,49,48.5,49,49,48.5,48.5,47,47.5,47.5,47.5,2795
1650000325600,Temp Substation,21/11/2025,Friday,48,47,46.5,47.5,47,46.5,47.5,47,47.5,47,46.5,49.5,57.5,58.5,68,76.5,75.5,76,71,72,68,66.5,70.5,68.5,64.5,62,59.5,56,56.5,50.5,50,48.5,45.5,44,42,42,41.5,43,41,40.5,40,40,40.5,40,40,40,41,40,2504.5
1650000325600,Temp Substation,22/11/2025,Saturday,40,40,40,40.5,40,40,39,40.5,40.5,40,40,39.5,39.5,41.5,47,47,47,44.5,44.5,43,41.5,42,42.5,42,40.5,41.5,41.5,40.5,39.5,39.5,39,39.5,40.5,39.5,40,39.5,39.5,39.5,39,39,39,39.5,39,39.5,39.5,38.5,38.5,39,1952.5
1650000325600,Temp Substation,23/11/2025,Sunday,39,39.5,40,40.5,39.5,40,39.5,39.5,39.5,39.5,39.5,40,39.5,40,40,39,38,36.5,36,36.5,35.5,38,37.5,37,37,36.5,36,36.5,35.5,36,36,37,38.5,39,39.5,39,39.5,39.5,39.5,39.5,39.5,39.5,40.5,39.5,39.5,39.5,40,39.5,1851.5
1650000325600,Temp Substation,24/11/2025,Monday,39.5,39.5,39.5,39,39,39.5,39.5,39,39,39,39,41,42.5,43.5,55,59.5,62,61,65.5,62,61,60,60.5,62.5,62,62,61,59.5,58,56,61,59.5,58,58,50.5,47,44.5,44,44,42,41.5,41.5,41,41,41.5,41,41.5,41.5,2365
1650000325600,Temp Substation,25/11/2025,Tuesday,41.5,42,41.5,41.5,41.5,41,40.5,41,41.5,42,41.5,44.5,50,55.5,65.5,72,73,74,74.5,72.5,69,65.5,63,64,65.5,70,72,69,63.5,63.5,64,63,59,52,45,44,43,43,42.5,43.5,42.5,42.5,42.5,42.5,42.5,43,43,43,2542.5
1650000325600,Temp Substation,26/11/2025,Wednesday,42.5,43,43,42.5,43,43.5,43,43,42.5,43.5,44,46.5,51.5,61.5,70.5,79.5,81,76.5,76,75,75.5,71,70,67,65,64,65.5,63,64,60,63,66.5,66,59,53.5,49.5,47.5,47,46,46,45.5,46,45.5,45.5,45,44,45,44,2661
1650000325600,Temp Substation,27/11/2025,Thursday,43.5,43.5,44,44,43.5,43.5,43.5,43.5,43.5,43.5,42.5,43,52.5,49,55.5,61.5,60,59.5,59.5,59.5,62,63.5,63,60.5,61,59.5,60,59.5,57,58.5,58,57.5,56.5,53.5,50.5,45,43,41,41,41,41,40,40,39.5,39.5,40,39.5,40,2389.5
1650000325600,Temp Substation,28/11/2025,Friday,39.5,39,39,39,38.5,39,39.5,39,39,39.5,39,41,45,51,59,67,66.5,61.5,63.5,60.5,60,63.5,60,57.5,63,60,55.5,55.5,51.5,48,45.5,45,42.5,40,39,38.5,38,38,37.5,37,38,37.5,38,37.5,37,37,37.5,37.5,2220.5
1650000325600,Temp Substation,29/11/2025,Saturday,37,36.5,37,36.5,36,36,36,36.5,36,37,36.5,37,36.5,37.5,39.5,41.5,40,39.5,39,39,37,36.5,37,36,35,33.5,34,33.5,33,33,33.5,35.5,36.5,36.5,36.5,36.5,37,36.5,37,38,39,38.5,39,38.5,38.5,39,39,39.5,1773.5
1650000325600,Temp Substation,30/11/2025,Sunday,40.5,40,39.5,40,40,40,39.5,39.5,40.5,40,40,40,40,40,41.5,41.5,39.5,38.5,38.5,38,36,35,35.5,34.5,35.5,35,35,35.5,35,34.5,35,35.5,37,37,37,37.5,37.5,37,37,37.5,37.5,37.5,37.5,37.5,37,37.5,37,37,1815
1650000325600,Temp Substation,01/12/2025,Monday,38,37.5,37.5,38,38,37.5,38,38.5,38,38,39,41,44,48,58.5,64,67,70.5,69,69.5,61.5,64.5,64.5,61,63,63.5,66,66,62,63,62.5,62,59.5,56.5,52.5,48.5,46,44.5,43.5,42.5,41.5,40.5,41,41,40.5,41,42,41.5,2431.5
1650000325600,Temp Substation,02/12/2025,Tuesday,41.5,41,40.5,40.5,40.5,40,41,41,41.5,41,41.5,44,52.5,55,63.5,70.5,69,66.5,69,66.5,67,64.5,63,60.5,68,65.5,67,64.5,63.5,59,62.5,58.5,60,56,52.5,48.5,46,44.5,44,43.5,43.5,42.5,43.5,42.5,42,43,42.5,43,2507.5
1650000325600,Temp Substation,03/12/2025,Wednesday,42.5,43.5,43,43.5,43.5,43,43.5,44,43,44,44,45,55,56,67.5,74,73,72.5,71,71,68,69,69.5,66.5,65.5,67.5,69,65.5,60.5,60,59,61.5,59,56,53.5,49,45.5,44.5,43.5,43,42.5,42,42.5,42.5,41.5,42.5,41.5,41,2574
1650000325600,Temp Substation,04/12/2025,Thursday,41.5,41.5,41.5,41,41.5,42,42,42,42,42.5,41.5,45.5,53.5,53,63.5,69.5,70.5,69.5,70.5,70.5,70.5,69,67,67,67,65.5,65.5,62.5,61.5,62,63.5,59.5,60.5,56,51.5,48,46,46,45.5,45,44.5,44,45,45,44.5,44.5,44,44,2559.5
1650000325600,Temp Substation,05/12/2025,Friday,43.5,44.5,45,44.5,45.5,45.5,45.5,45.5,46,45,45,46,56,51,61.5,71,67.5,67,66.5,65,67,65.5,64,61,61.5,60.5,57.5,57,56,54.5,56.5,54.5,53,51,49.5,50,50,49,49,49,48.5,47.5,48,48,47.5,47,47,46,2542.5
1650000325600,Temp Substation,06/12/2025,Saturday,45,45,45.5,45,45,44.5,44,44,44.5,44,44,44,44,45.5,48.5,50,48.5,47.5,45,45.5,44.5,45.5,46,44.5,42,40,40.5,39.5,40,40.5,41,42,42,42.5,42.5,43,43,42.5,43,43,42.5,43.5,43,43.5,44.5,43.5,43.5,42.5,2103
1650000325600,Temp Substation,07/12/2025,Sunday,42.5,42.5,42.5,42.5,42.5,42,41,42,42,43,43,42.5,43,44,45,47,46,45.5,44,43.5,43,44,43.5,43,44,43,43,43.5,44,43.5,42,45,45.5,45,45,43.5,44.5,43.5,44.5,44.5,43.5,44,44,44.5,44.5,45,44,44.5,2097.5
1650000325600,Temp Substation,08/12/2025,Monday,43.5,44,45,44.5,45,44.5,44,44.5,44,45,44,45.5,48,47.5,56.5,60,63.5,64,63,64,61.5,60.5,57.5,59,58.5,60.5,60,58,56.5,56.5,56.5,57,59.5,54.5,50.5,48.5,44.5,43,43,43.5,43,42,42.5,43,42,41.5,41,41.5,2425.5
1650000325600,Temp Substation,09/12/2025,Tuesday,41.5,42,41,42,42,43,42,42.5,42,42,42,44,51,52.5,63,67.5,68,67.5,68,67.5,69.5,67,66,63,63,65,60.5,61.5,54.5,56,57,56.5,53.5,55,49.5,46,43.5,42,42,41,41,41,39.5,38.5,38.5,39,39,38.5,2438
1650000325600,Temp Substation,10/12/2025,Wednesday,39,38.5,38.5,38.5,38.5,38,38.5,37.5,38,38,38,41.5,50.5,50.5,59.5,65.5,67,65.5,66.5,62.5,67.5,67,65.5,63,58.5,61,62.5,58,60,58,58.5,55,52,51.5,47.5,45,42.5,40.5,40,39,39,39.5,39,39,39,39,39,39,2355
1650000325600,Temp Substation,11/12/2025,Thursday,39,38,38.5,38,39,38,38,38.5,38.5,38,39,41.5,45,56,65,72.5,72.5,71,68,68.5,69,67.5,66,65,66,65,64,61.5,57,58.5,57,56.5,57,55,50.5,44.5,42,40.5,39.5,39,38.5,38.5,37.5,38,37.5,37.5,37,36.5,2404.5
1650000325600,Temp Substation,12/12/2025,Friday,36.5,37,36.5,37,37,36,36.5,36,36.5,36.5,37,38.5,45.5,46.5,56.5,65,67,67,68,69,65,62.5,62,63,61.5,60.5,58,56.5,53.5,50,48.5,49,46.5,42.5,41,40,39.5,39.5,38.5,39,39,38.5,39,39,39.5,40,38.5,39,2254.5
1650000325600,Temp Substation,13/12/2025,Saturday,39.5,39.5,40,40,40,40.5,40,40.5,40.5,41,40,41,40.5,41,47,49.5,48.5,45.5,43,44.5,43.5,45,46,46,46,43,41.5,41.5,41,40,40.5,41,43.5,42.5,43,42.5,43,42.5,42.5,42.5,42.5,42.5,42,41.5,42,42,42,41.5,2035
1650000325600,Temp Substation,14/12/2025,Sunday,41.5,41,41.5,42,41.5,39.5,38,38,38,38.5,38.5,38.5,38,38,39.5,40.5,39.5,38.5,37.5,36,36,37.5,37,38.5,37,37,36,36,38,38,38,39.5,40,40,39.5,39,39,39,38.5,38,38,38,38,38,38,38,38,37,1848.5
1650000325600,Temp Substation,15/12/2025,Monday,37.5,37,38,37.5,37.5,37.5,38,37.5,37.5,37.5,37.5,39,40.5,41.5,50.5,57,61.5,63.5,71.5,78.5,76.5,79.5,77.5,76,78,73,74,70.5,69.5,68.5,67.5,68.5,67.5,64.5,60.5,56.5,55,54,54,54,53,53,53.5,53.5,53,52.5,53.5,53.5,2687
1650000325600,Temp Substation,16/12/2025,Tuesday,53,52.5,52,52.5,53,52.5,52.5,52,53,52.5,53,53.5,62,63,72,83,85.5,84,79,77,69.5,66,67,71.5,84,81.5,82.5,80.5,78.5,74.5,73,74,75,73,67.5,64,61.5,60,60,59.5,59.5,59.5,59.5,59.5,59.5,59.5,59,59,3135.5
1650000325600,Temp Substation,17/12/2025,Wednesday,59,58.5,58,58.5,58.5,58.5,58,58.5,58,58,57.5,59,65.5,73,84.5,90.5,92.5,92,93.5,86.5,81.5,94,92.5,93,90,92.5,87.5,86,83.5,78.5,84,79,80.5,66.5,60,59,58,57.5,55,55,54.5,54,53.5,53.5,54.5,53,54,53,3341.5
1650000325600,Temp Substation,18/12/2025,Thursday,52.5,52.5,52,52,52,52,52.5,51.5,52.5,53,52,54.5,54.5,56.5,64.5,81.5,82,80.5,70.5,58,72,79,81.5,76.5,77.5,82,79.5,79.5,79,80.5,70,65.5,62,60,57.5,55.5,54,54,53.5,54.5,54,55,55,54,54,53.5,53.5,54,2983.5
1650000325600,Temp Substation,19/12/2025,Friday,53.5,53,53.5,54,54,53.5,54,54,54.5,54.5,54.5,56,61.5,64,77,90.5,92,86.5,87.5,84,77,78.5,71,59.5,49,47,46.5,46,43,40.5,40,38,38,37,37,37,37,37.5,37.5,37,37,37,37.5,37.5,38,37.5,37.5,38,2526
1650000325600,Temp Substation,20/12/2025,Saturday,37.5,37.5,38,38.5,37.5,38,38.5,38.5,38.5,38.5,39,39,40.5,40,41.5,43,44,42.5,41,39.5,37.5,35.5,35.5,34,34,33.5,34.5,34,34.5,34.5,36,37,39,38.5,39,39,39,39,39.5,39,39.5,39,38.5,39,39,39,39,39.5,1836
1650000325600,Temp Substation,21/12/2025,Sunday,39,38.5,38.5,39,39,39.5,39,39.5,39.5,40,39,39.5,38.5,39,39,42,41.5,39.5,37.5,37.5,38,37,34.5,36,36.5,36.5,35,36,36,35.5,35.5,36,39,38.5,38,37.5,38,38.5,38.5,38,38,37.5,38,38,38,38,38,38,1826.5
1650000325600,Temp Substation,22/12/2025,Monday,37.5,37.5,38,37.5,38,37.5,37.5,37.5,38.5,39,39.5,40,41.5,41.5,47.5,49.5,56,56,52.5,49.5,46.5,48.5,47.5,46,45,44.5,45.5,48.5,45,43.5,43,44.5,44,38,38,38,38,38,38.5,38.5,38,38.5,38,38.5,38.5,39,38.5,38.5,2018.5
1650000325600,Temp Substation,23/12/2025,Tuesday,38.5,38.5,38,38,37.5,38,38.5,38.5,38.5,39,38.5,40,40,41,43,46.5,42,39.5,33,32,28,26.5,22,18.5,17,17,17.5,17.5,17.5,18.5,19,19.5,20.5,21,21,21,21,20.5,21,21,21,21.5,21.5,22,21.5,21.5,21.5,21.5,1356
1650000325600,Temp Substation,24/12/2025,Wednesday,21.5,21.5,21.5,21.5,21.5,21.5,21,21.5,21.5,22,21.5,22,21.5,21.5,22,22,21.5,19.5,18.5,18.5,17.5,18,18.5,18,18,18,18,17.5,18,18.5,18,19.5,20.5,21,21.5,21.5,21.5,21.5,21.5,21.5,21,21.5,21.5,21.5,22,22,22,22,985
1650000325600,Temp Substation,25/12/2025,Thursday,22,22,22.5,22.5,22.5,22,22,22,22,22,22.5,22,22,22,22,22,21.5,20.5,18,18,18,17.5,17.5,17.5,17.5,17.5,17.5,17.5,17.5,17.5,18.5,19,21.5,22,22.5,22.5,23,22.5,23,23,22.5,23,22.5,23.5,22,22.5,23,23,1007
1650000325600,Temp Substation,26/12/2025,Friday,22.5,22,22.5,22,22,22.5,22,22.5,22.5,22.5,21.5,21.5,22.5,22.5,22.5,22,21,19.5,19,18,18.5,18,18,17.5,16.5,17,17.5,16.5,17,17,17.5,18.5,21,21,21.5,22,22,22,21.5,22,21.5,22,22,21.5,22,21.5,22,21.5,989.5
1650000325600,Temp Substation,27/12/2025,Saturday,22,21.5,22,22,21.5,22,21.5,22,21,22,21,21.5,21.5,22,22,22,20.5,20,18.5,18,18,17.5,17.5,17.5,17.5,17,17,16.5,17,17.5,17.5,18.5,19.5,20.5,20.5,20.5,20.5,19.5,20.5,20,20,20,20,19.5,20.5,19.5,20,20,954.5
1650000325600,Temp Substation,28/12/2025,Sunday,20,19.5,20,20,19.5,20.5,19.5,20,20,19.5,20,20,20,20,19.5,20,18.5,18.5,16.5,17,16.5,16,16.5,16.5,17,16.5,16.5,17,16.5,17.5,17,18,19.5,19.5,20,20,20,19.5,20,20,20,20,20,19.5,20,19.5,20,20,907.5
1650000325600,Temp Substation,29/12/2025,Monday,19.5,20,19.5,19.5,20,20.5,20.5,20,20.5,20,20,19.5,19.5,20,20.5,21.5,20.5,20.5,20,18.5,18,18,18,17,17.5,18,17.5,17.5,18,17.5,17.5,19,19.5,19.5,20,20,19.5,20,19.5,19.5,20,20,19.5,20.5,19.5,20,21,20,932
1650000325600,Temp Substation,30/12/2025,Tuesday,20,19.5,20,20.5,20.5,20.5,20.5,20,21,20.5,20.5,20,20.5,20.5,20,21.5,20.5,20,19,18,17.5,17.5,18,18.5,18.5,17.5,18,17,17.5,17,17.5,19,19.5,20,19.5,19.5,20,20,19.5,20.5,20,20,21,21,21.5,21.5,21.5,21.5,943.5
1650000325600,Temp Substation,31/12/2025,Wednesday,22,21.5,21.5,21.5,22,21.5,21.5,22,21.5,22,22,21.5,22,22,21.5,21.5,21,20,19,18.5,18.5,18,18,18.5,17.5,17.5,18,17.5,18,18,18.5,20,21,21,21,21,21,21,21,21,21,21,21,21.5,21.5,21,21.5,21.5,982
1650000325600,Temp Substation,01/01/2026,Thursday,21.5,21,21,21.5,21.5,21.5,21,21,21,21.5,21.5,21.5,21,21,21,20.5,21,19.5,19,17.5,17.5,17,17.5,17.5,17,18,18,18,18,18,19.5,21,21.5,21.5,21.5,21.5,21.5,22,22,22.5,22,22,22,21.5,22,22.5,22,22,983
1650000325600,Temp Substation,02/01/2026,Friday,21,21,21.5,21,21,22.5,22.5,23,22,22.5,21.5,22,22,21.5,21.5,22,20.5,20.5,20,19.5,20,20,19.5,20,19,19.5,19,19,19.5,18.5,18.5,20.5,20.5,21,21.5,21.5,21,21.5,21.5,21.5,21.5,22,21.5,21.5,21.5,22,21.5,22,1005.5
1650000325600,Temp Substation,03/01/2026,Saturday,22,21.5,22.5,22,22,21.5,22,22,21.5,22,22,21.5,22,22,22,22,21.5,21.5,20,19.5,19.5,19.5,20,19.5,19.5,19,19,19,19,18.5,19,20,21,21.5,22,22,21.5,22,21.5,22,21.5,22,22,22,21.5,21.5,22,22,1012.5
1650000325600,Temp Substation,04/01/2026,Sunday,22,22,22,21.5,22,21.5,22,21.5,22,22,21.5,22,22,22,21.5,22,21,20.5,19.5,19.5,35.5,41,38.5,38.5,38.5,37.5,37,37,35,31.5,31,31.5,33,33.5,33,33,33,32.5,32.5,32,32.5,31,31.5,31.5,31.5,31.5,31.5,30.5,1376.5
1650000325600,Temp Substation,05/01/2026,Monday,30.5,31.5,30.5,31,31.5,31,30.5,31.5,31.5,31.5,31.5,34,37,40.5,46,53,73.5,92,94,93.5,93,93,89,90.5,87.5,89.5,86.5,84.5,84,84.5,83,83.5,83,80.5,70.5,67,66.5,66,66.5,67,66.5,65,66.5,66.5,66.5,66,67,67,3052.5
1650000325600,Temp Substation,06/01/2026,Tuesday,67,67,67,67.5,67,67.5,66.5,68,67,67,67.5,69,76,80.5,89,97,101,100,101,98.5,96,104,101,98,98,93.5,93,89,90,87,87.5,85,84,79.5,77.5,75,74.5,71.5,70,68.5,69,69.5,69.5,68.5,68.5,68.5,68.5,69,3824.5
1650000325600,Temp Substation,07/01/2026,Wednesday,69,68.5,69,69,70.5,71,71,70.5,70,69.5,68.5,70,77,83,87,93,95.5,102,95.5,95,90.5,91,89.5,92.5,87,85,82.5,79,77,78,76,75,67.5,64,61.5,59.5,59.5,59.5,58.5,58.5,57.5,58,57.5,58,57,57.5,58.5,57.5,3517.5
1650000325600,Temp Substation,08/01/2026,Thursday,57,57,56.5,57.5,58,59,58.5,59.5,58.5,59.5,58.5,61.5,66.5,68.5,72.5,81,81.5,85,84.5,85,82,81.5,80,74,76,74.5,76.5,73.5,69.5,67.5,67,68.5,69,67.5,62.5,57.5,57.5,56,56.5,56,55,55.5,55,55.5,55.5,55.5,54.5,55,3140
1650000325600,Temp Substation,09/01/2026,Friday,54.5,54.5,54.5,55,54.5,55,54.5,55,55,54.5,54.5,56.5,63,65.5,71.5,77.5,79.5,79,83,93.5,92.5,92,87.5,84,82.5,84,79.5,76,78,75,75.5,72,71.5,69,68.5,69,69,68,67.5,67.5,68,68,67.5,66.5,67,66.5,66.5,66.5,3335.5
1650000325600,Temp Substation,10/01/2026,Saturday,67.5,66.5,66.5,67.5,67,67,67,66.5,67,67,66.5,67.5,67.5,67.5,71.5,73.5,71,71.5,69.5,67.5,67.5,65,66,64.5,62,60.5,60.5,61,61.5,61.5,62.5,63,64,64,64.5,64.5,65,65.5,66.5,66,66.5,66.5,66,66,67,68,66.5,67,3172
1650000325600,Temp Substation,11/01/2026,Sunday,67,67,66.5,67,67.5,68,67,67,67,67.5,66.5,67,66,67,67.5,69,68.5,67,67,65.5,65.5,67.5,65.5,65,66,64.5,63,64,64,63.5,63,63.5,64.5,63.5,63,62.5,63,63,62.5,61.5,59.5,58.5,58,58.5,57.5,58.5,58.5,58.5,3088.5
1650000325600,Temp Substation,12/01/2026,Monday,58,57.5,58.5,58.5,58,58.5,59,58.5,58.5,58,58.5,58.5,60,60.5,72,78,72.5,75,83.5,82,81.5,85,86.5,84.5,84,81.5,82,81.5,81,80.5,80,75.5,76,73.5,71.5,69,66.5,66,65,62.5,64.5,61.5,64.5,63,63.5,62,62.5,61,3319.5
1650000325600,Temp Substation,13/01/2026,Tuesday,59.5,59,60,60,59.5,59.5,60,60,60,61,60.5,62.5,67,72.5,77,81.5,85.5,88,90,83.5,81.5,84.5,88.5,84.5,88.5,88.5,85.5,85,84.5,79,79.5,78,75.5,74,69.5,66,65.5,65,65,64.5,64.5,63,63.5,64.5,65,64.5,65.5,64,3433.5
1650000325600,Temp Substation,14/01/2026,Wednesday,64.5,64,64.5,64.5,66,65.5,66,65.5,65.5,66,65,68,75,80.5,89,97,98.5,96.5,97.5,94,94.5,94.5,92.5,89.5,92.5,94,94,92.5,89,84,83.5,82,82.5,81,76,70.5,68,67,66.5,67,66.5,65,66,66,65.5,65,64.5,65.5,3698
1650000325600,Temp Substation,15/01/2026,Thursday,64.5,64.5,66,65,65,65,65.5,65.5,65.5,65.5,65.5,67.5,73.5,76,86,92,92,92,90,88,92.5,90.5,91.5,90.5,90.5,88.5,84.5,83.5,80.5,80.5,79,77,74.5,74,68.5,65.5,63,63,62.5,62.5,63,64,64.5,63,63.5,63,64,63,3545
1650000325600,Temp Substation,16/01/2026,Friday,63,62.5,63.5,63.5,63.5,64,63.5,64,64.5,64.5,64,65.5,69.5,76,83.5,89.5,88.5,87,85.5,88,87,84.5,83.5,81,81.5,80,77,72.5,70.5,67.5,68.5,64.5,8,0.5,0.5,0,0,0,0,0,0,0,0,0,0,0,0,0,2360.5
1650000325600,Temp Substation,17/01/2026,Saturday,0,0,0,0,0,0,0,37.3,37,37.4,37.1,37.4,37.9,37.9,39.3,40.1,39.3,38.9,37.3,36.1,35.6,34.4,34.8,33.9,33.3,32.5,32.8,32.6,33,33,33.8,34.6,35.9,36.1,36.5,36.5,36.5,36.5,37,36.8,36.9,36.9,36.6,36.6,37,37,36.9,37.1,1484.1
1650000325600,Temp Substation,18/01/2026,Sunday,37,36.8,36.8,36.9,37,37.4,36.9,37,37.1,37.3,36.8,37.1,36.6,37,36.9,38.3,37.4,36.4,35.1,34.9,38.9,40.4,38.8,39,39.5,38.8,37.9,38.5,37.9,37,36.6,37.3,39,38.8,38.5,38.3,38.5,38.4,38.4,37.9,37.5,36.8,36.9,36.9,36.8,36.9,37,36.8,1800.7
1650000325600,Temp Substation,19/01/2026,Monday,36.4,36.6,36.6,36.6,36.9,36.9,36.9,36.9,37.3,37.1,37.4,38,39.5,40.6,46.5,50.5,55.6,60.9,62.5,60.9,59.8,61.1,60.3,59.5,58.5,58.4,57.9,58,57,56.5,55.9,55.6,55.6,52.9,50,48.5,47.6,47.5,47.4,46.9,47.3,46.3,47.1,47.1,47,46.8,47.3,46.6,2331
1650000325600,Temp Substation,20/01/2026,Tuesday,46.3,46,46.3,46.5,46.1,46.4,46.4,46.6,46.6,46.9,46.8,47.9,50.9,53.6,57.3,61.6,62.3,61.9,60.8,58,55.8,58.1,57.4,54.9,55.5,54.1,53.5,52.1,52.4,50.4,50.9,50.4,49.9,48.6,46.9,45.4,45.3,44.3,43.9,43.6,43.6,43.5,43.9,44,44.1,44,44.3,44,2390
1650000325600,Temp Substation,21/01/2026,Wednesday,44.3,43.9,44.1,44.1,45,44.9,44.9,44.9,44.6,44.9,44.3,45.4,48.9,51.8,54.9,58.4,59.1,59.5,57.6,56.5,55.3,55.4,54.6,54.6,53.8,53.6,53.1,51.6,50.5,49.6,49,49.1,47.9,46.8,45,43.1,42.5,42.3,41.9,42,41.5,41.4,41.5,41.8,41.5,41.4,41.6,41.6,2296
1650000325600,Temp Substation,22/01/2026,Thursday,60.8,60.8,61.3,61.3,61.5,62,62,62.5,62,62.5,62,64.5,70,72.3,79.3,86.5,86.8,88.5,87.3,86.5,87.3,86,85.8,82.3,83.3,81.5,80.5,78.5,75,74,73,72.8,71.8,70.8,65.5,61.5,60.3,59.5,59.5,59.3,59,59.8,59.8,59.3,59.5,59.3,59.3,59,3343.601
1650000325600,Temp Substation,23/01/2026,Friday,46.2,46,46.5,46.5,46.3,47.2,46.8,47.3,47.2,47.2,46.7,48,51.5,54.3,58.8,63,62.8,62.2,62.8,67,66.5,65.5,63.5,61.7,61,61.2,58.5,55.8,56,53.7,54.2,52.3,33.3,30.2,30.2,30.2,30,29.8,29.7,29.7,29.8,30,29.7,29.3,29.5,29.5,29.3,29.5,2233.9
1650000325600,Temp Substation,24/01/2026,Saturday,37.3,36.8,37.3,37.5,37,37.1,37.3,37.3,37,37.4,37.1,37.4,37.9,37.9,39.3,40.1,39.3,38.9,37.3,36.1,35.6,34.4,34.8,33.9,33.3,32.5,32.8,32.6,33,33,33.8,34.6,35.9,36.1,36.5,36.5,36.5,36.5,37,36.8,36.9,36.9,36.6,36.6,37,37,36.9,37.1,1744.4
1650000325600,Temp Substation,25/01/2026,Sunday,37,36.8,36.8,36.9,37,37.4,36.9,37,37.1,37.3,36.8,37.1,36.6,37,36.9,38.3,37.4,36.4,35.1,34.9,38.9,40.4,38.8,39,39.5,38.8,37.9,38.5,37.9,37,36.6,37.3,39,38.8,38.5,38.3,38.5,38.4,38.4,37.9,37.5,36.8,36.9,36.9,36.8,36.9,37,36.8,1800.7
1650000325600,Temp Substation,26/01/2026,Monday,0,0,0,0,0,0,0,0,0,0,0,0,0,0,0,0,0,0,0,0,0,0,0,0,0,0,0,0,0,0,0,0,0,0,0,0,0,0,0,0,0,0,0,0,0,0,0,0,0
1650000325600,Temp Substation,27/01/2026,Tuesday,0,0,0,0,0,0,0,0,0,0,0,0,0,0,0,0,0,0,0,0,0,0,0,0,0,0,0,0,0,0,0,0,0,0,0,0,0,0,0,0,0,0,0,0,0,0,0,0,0
1650000325600,Temp Substation,28/01/2026,Wednesday,0,0,0,0,0,0,0,0,0,0,0,0,0,0,0,0,0,0,0,0,0,0,0,0,0,0,0,0,0,0,0,0,0,0,0,0,0,0,0,0,0,0,0,0,0,0,0,0,0
1650000325600,Temp Substation,29/01/2026,Thursday,0,0,0,0,0,0,0,0,0,0,0,0,0,0,0,0,0,0,0,0,0,0,0,0,0,0,0,0,0,0,0,0,0,0,0,0,0,0,0,0,0,0,0,0,0,0,0,0,0
1650000325600,Temp Substation,30/01/2026,Friday,0,0,0,0,0,0,0,0,0,0,0,0,0,0,0,0,0,0,0,0,0,0,0,0,0,0,0,0,0,0,0,0,0,0,0,0,0,0,0,0,0,0,0,0,0,0,0,0,0
1650000325600,Temp Substation,31/01/2026,Saturday,0,0,0,0,0,0,0,0,0,0,0,0,0,0,0,0,0,0,0,0,0,0,0,0,0,0,0,0,0,0,0,0,0,0,0,0,0,0,0,0,0,0,0,0,0,0,0,0,0
1650000325600,Temp Substation,01/02/2026,Sunday,0,0,0,0,0,0,0,0,0,0,0,0,0,0,0,0,0,0,0,0,0,0,0,0,0,0,0,0,0,0,0,0,0,0,0,0,0,0,0,0,0,0,0,0,0,0,0,0,0
1650000325600,Temp Substation,02/02/2026,Monday,0,0,0,0,0,0,0,0,0,0,0,0,0,0,0,0,0,0,0,0,0,0,0,0,0,0,0,0,0,0,0,0,0,0,0,0,0,0,0,0,0,0,0,0,0,0,0,0,0
1650000325600,Temp Substation,03/02/2026,Tuesday,0,0,0,0,0,0,0,0,0,0,0,0,0,0,0,0,0,0,0,0,0,0,0,0,0,0,0,0,0,0,0,0,0,0,0,0,0,0,0,0,0,0,0,0,0,0,0,0,0
1650000325600,Temp Substation,04/02/2026,Wednesday,0,0,0,0,0,0,0,0,0,0,0,0,0,0,0,0,0,0,0,0,0,0,0,0,0,0,0,0,0,0,0,0,0,0,0,0,0,0,0,0,0,0,0,0,0,0,0,0,0
1650000325600,Temp Substation,05/02/2026,Thursday,0,0,0,0,0,0,0,0,0,0,0,0,0,0,0,0,0,0,0,0,0,0,0,0,0,0,0,0,0,0,0,0,0,0,0,0,0,0,0,0,0,0,0,0,0,0,0,0,0
1650000325600,Temp Substation,06/02/2026,Friday,0,0,0,0,0,0,0,0,0,0,0,0,0,0,0,0,0,0,0,0,0,0,0,0,0,0,0,0,0,0,0,0,0,0,0,0,0,0,0,0,0,0,0,0,0,0,0,0,0
1650000325600,Temp Substation,07/02/2026,Saturday,0,0,0,0,0,0,0,0,0,0,0,0,0,0,0,0,0,0,0,0,0,0,0,0,0,0,0,0,0,0,0,0,0,0,0,0,0,0,0,0,0,0,0,0,0,0,0,0,0
1650000325600,Temp Substation,08/02/2026,Sunday,0,0,0,0,0,0,0,0,0,0,0,0,0,0,0,0,0,0,0,0,0,0,0,0,0,0,0,0,0,0,0,0,0,0,0,0,0,0,0,0,0,0,0,0,0,0,0,0,0
1650000325600,Temp Substation,09/02/2026,Monday,0,0,0,0,0,0,0,0,0,0,0,0,0,0,0,0,0,0,0,0,0,0,0,0,0,0,0,0,0,0,0,0,0,0,0,0,0,0,0,0,0,0,0,0,0,0,0,0,0
1650000325600,Temp Substation,10/02/2026,Tuesday,0,0,0,0,0,0,0,0,0,0,0,0,0,0,0,0,0,0,0,0,0,0,0,0,0,0,0,0,0,0,0,0,0,0,0,0,0,0,0,0,0,0,0,0,0,0,0,0,0
1650000325600,Temp Substation,11/02/2026,Wednesday,0,0,0,0,0,0,0,0,0,0,0,0,0,0,0,0,0,0,0,0,0,0,0,0,0,0,0,0,0,0,0,0,0,0,0,0,0,0,0,0,0,0,0,0,0,0,0,0,0
1650000325600,Temp Substation,12/02/2026,Thursday,0,0,0,0,0,0,0,0,0,0,0,0,0,0,0,0,0,0,0,0,0,0,0,0,0,0,0,0,0,0,0,0,0,0,0,0,0,0,0,0,0,0,0,0,0,0,0,0,0
1650000325600,Temp Substation,13/02/2026,Friday,0,0,0,0,0,0,0,0,0,0,0,0,0,0,0,0,0,0,0,0,0,0,0,0,0,0,0,0,0,0,0,0,0,0,0,0,0,0,0,0,0,0,0,0,0,0,0,0,0
1650000325600,Temp Substation,14/02/2026,Saturday,0,0,0,0,0,0,0,0,0,0,0,0,0,0,0,0,0,0,0,0,0,0,0,0,0,0,0,0,0,0,0,0,0,0,0,0,0,0,0,0,0,0,0,0,0,0,0,0,0
1650000325600,Temp Substation,15/02/2026,Sunday,0,0,0,0,0,0,0,0,0,0,0,0,0,0,0,0,0,0,0,0,0,0,0,0,0,0,0,0,0,0,0,0,0,0,0,0,0,0,0,0,0,0,0,0,0,0,0,0,0
1650000325600,Temp Substation,16/02/2026,Monday,0,0,0,0,0,0,0,0,0,0,0,0,0,0,0,0,0,0,0,0,0,0,0,0,0,0,0,0,0,0,0,0,0,0,0,0,0,0,0,0,0,0,0,0,0,0,0,0,0
1650000325600,Temp Substation,17/02/2026,Tuesday,46.25,46,46.25,46.5,46.13,46.38,46.38,46.63,46.63,46.88,46.75,47.88,50.88,53.63,57.25,61.63,62.25,61.88,60.75,58,55.75,58.13,57.38,54.88,55.5,54.13,53.5,52.13,52.38,50.38,50.88,50.38,49.88,48.63,46.88,45.38,45.25,44.25,43.88,43.63,43.63,43.5,43.88,44,44.13,44,44.25,44,2389.52
1650000325600,Temp Substation,18/02/2026,Wednesday,0,0,0,0,0,0,0,0,0,0,0,0,0,0,0,0,0,0,0,0,0,0,0,0,0,0,0,0,0,0,0,0,0,0,0,0,0,0,0,0,0,0,0,0,0,0,0,0,0
1650000325600,Temp Substation,19/02/2026,Thursday,0,0,0,0,0,0,0,0,0,0,0,0,0,0,0,0,0,0,0,0,0,0,0,0,0,0,0,0,0,0,0,0,0,0,0,0,0,0,0,0,0,0,0,0,0,0,0,0,0
1650000325600,Temp Substation,20/02/2026,Friday,0,0,0,0,0,0,0,0,0,0,0,0,0,0,0,0,0,0,0,0,0,0,0,0,0,0,0,0,0,0,0,0,0,0,0,0,0,0,0,0,0,0,0,0,0,0,0,0,0
1650000325600,Temp Substation,21/02/2026,Saturday,0,0,0,0,0,0,0,0,0,0,0,0,0,0,0,0,0,0,0,0,0,0,0,0,0,0,0,0,0,0,0,0,0,0,0,0,0,0,0,0,0,0,0,0,0,0,0,0,0
1650000325600,Temp Substation,22/02/2026,Sunday,0,0,0,0,0,0,0,0,0,0,0,0,0,0,0,0,0,0,0,0,0,0,0,0,0,0,0,0,0,0,0,0,0,0,0,0,0,0,0,0,0,0,0,0,0,0,0,0,0
1650000325600,Temp Substation,23/02/2026,Monday,0,0,0,0,0,0,0,0,0,0,0,0,0,0,0,0,0,0,0,0,0,0,0,0,0,0,0,0,0,0,0,0,0,0,0,0,0,0,0,0,0,0,0,0,0,0,0,0,0
1650000325600,Temp Substation,24/02/2026,Tuesday,0,0,0,0,0,0,0,0,0,0,0,0,0,0,0,0,0,0,0,0,0,0,0,0,0,0,0,0,0,0,0,0,0,0,0,0,0,0,0,0,0,0,0,0,0,0,0,0,0
1650000325600,Temp Substation,25/02/2026,Wednesday,0,0,0,0,0,0,0,0,0,0,0,0,0,0,0,0,0,0,0,0,0,0,0,0,0,0,0,0,0,0,0,0,0,0,0,0,0,0,0,0,0,0,0,0,0,0,0,0,0
1650000325600,Temp Substation,26/02/2026,Thursday,0,0,0,0,0,0,0,0,0,0,0,0,0,0,0,0,0,0,0,0,0,0,0,0,0,0,0,0,0,0,0,0,0,0,0,0,0,0,0,0,0,0,0,0,0,0,0,0,0
1650000325600,Temp Substation,27/02/2026,Friday,0,0,0,0,0,0,0,0,0,0,0,0,0,0,0,0,0,0,0,0,0,0,0,0,0,0,0,0,0,0,0,0,0,0,0,0,0,0,0,0,0,0,0,0,0,0,0,0,0
1650000325600,Temp Substation,28/02/2026,Saturday,0,0,0,0,0,0,0,0,0,0,0,0,0,0,0,0,0,0,0,0,0,0,0,0,0,0,0,0,0,0,0,0,0,0,0,0,0,0,0,0,0,0,0,0,0,0,0,0,0
1650000325600,Temp Substation,01/03/2026,Sunday,0,0,0,0,0,0,0,0,0,0,0,0,0,0,0,0,0,0,0,0,0,0,0,0,0,0,0,0,0,0,0,0,0,0,0,0,0,0,0,0,0,0,0,0,0,0,0,0,0
1650000325600,Temp Substation,02/03/2026,Monday,0,0,0,0,0,0,0,0,0,0,0,0,0,0,0,0,0,0,0,0,0,0,0,0,0,0,0,0,0,0,0,0,0,0,0,0,0,0,0,0,0,0,0,0,0,0,0,0,0
1650000325600,Temp Substation,03/03/2026,Tuesday,0,0,0,0,0,0,0,0,0,0,0,0,0,0,0,0,0,0,0,0,0,0,0,0,0,0,0,0,0,0,0,0,0,0,0,0,0,0,0,0,0,0,0,0,0,0,0,0,0
1650000325600,Temp Substation,04/03/2026,Wednesday,0,0,0,0,0,0,0,0,0,0,0,0,0,0,0,0,0,0,0,0,0,0,0,0,0,0,0,0,0,0,0,0,0,0,0,0,0,0,0,0,0,0,0,0,0,0,0,0,0
1650000325600,Temp Substation,05/03/2026,Thursday,0,0,0,0,0,0,0,0,0,0,0,0,0,0,0,0,0,0,0,0,0,0,0,0,0,0,0,0,0,0,0,0,0,0,0,0,0,0,0,0,0,0,0,0,0,0,0,0,0
1650000325600,Temp Substation,06/03/2026,Friday,0,0,0,0,0,0,0,0,0,0,0,0,0,0,0,0,0,0,0,0,0,0,0,0,0,0,0,0,0,0,0,0,0,0,0,0,0,0,0,0,0,0,0,0,0,0,0,0,0
1650000325600,Temp Substation,07/03/2026,Saturday,0,0,0,0,0,0,0,0,0,0,0,0,0,0,0,0,0,0,0,0,0,0,0,0,0,0,0,0,0,0,0,0,0,0,0,0,0,0,0,0,0,0,0,0,0,0,0,0,0
1650000325600,Temp Substation,08/03/2026,Sunday,0,0,0,0,0,0,0,0,0,0,0,0,0,0,0,0,0,0,0,0,0,0,0,0,0,0,0,0,0,0,0,0,0,0,0,0,0,0,0,0,0,0,0,0,0,0,0,0,0
1650000325600,Temp Substation,09/03/2026,Monday,0,0,0,0,0,0,0,0,0,0,0,0,0,0,0,0,0,0,0,0,0,0,0,0,0,0,0,0,0,0,0,0,0,0,0,0,0,0,0,0,0,0,0,0,0,0,0,0,0
1650000325600,Temp Substation,10/03/2026,Tuesday,0,0,0,0,0,0,0,0,0,0,0,0,0,0,0,0,0,0,0,0,0,0,0,0,0,0,0,0,0,0,0,0,0,0,0,0,0,0,0,0,0,0,0,0,0,0,0,0,0
1650000325600,Temp Substation,11/03/2026,Wednesday,0,0,0,0,0,0,0,0,0,0,0,0,0,0,0,0,0,0,0,0,0,0,0,0,0,0,0,0,0,0,0,0,0,0,0,0,0,0,0,0,0,0,0,0,0,0,0,0,0
1650000325600,Temp Substation,12/03/2026,Thursday,0,0,0,0,0,0,0,0,0,0,0,0,0,0,0,0,0,0,0,0,0,0,0,0,0,0,0,0,0,0,0,0,0,0,0,0,0,0,0,0,0,0,0,0,0,0,0,0,0
1650000325600,Temp Substation,13/03/2026,Friday,0,0,0,0,0,0,0,0,0,0,0,0,0,0,0,0,0,0,0,0,0,0,0,0,0,0,0,0,0,0,0,0,0,0,0,0,0,0,0,0,0,0,0,0,0,0,0,0,0
1650000325600,Temp Substation,14/03/2026,Saturday,0,0,0,0,0,0,0,0,0,0,0,0,0,0,0,0,0,0,0,0,0,0,0,0,0,0,0,0,0,0,0,0,0,0,0,0,0,0,0,0,0,0,0,0,0,0,0,0,0
1650000325600,Temp Substation,15/03/2026,Sunday,0,0,0,0,0,0,0,0,0,0,0,0,0,0,0,0,0,0,0,0,0,0,0,0,0,0,0,0,0,0,0,0,0,0,0,0,0,0,0,0,0,0,0,0,0,0,0,0,0
1650000325600,Temp Substation,16/03/2026,Monday,0,0,0,0,0,0,0,0,0,0,0,0,0,0,0,0,0,0,0,0,0,0,0,0,0,0,0,0,0,0,0,0,0,0,0,0,0,0,0,0,0,0,0,0,0,0,0,0,0
1650000325600,Temp Substation,17/03/2026,Tuesday,0,0,0,0,0,0,0,0,0,0,0,0,0,0,0,0,0,0,0,0,0,0,0,0,0,0,0,0,0,0,0,0,0,0,0,0,0,0,0,0,0,0,0,0,0,0,0,0,0
1650000325600,Temp Substation,18/03/2026,Wednesday,0,0,0,0,0,0,0,0,0,0,0,0,0,0,0,0,0,0,0,0,0,0,0,0,0,0,0,0,0,0,0,0,0,0,0,0,0,0,0,0,0,0,0,0,0,0,0,0,0
1650000325600,Temp Substation,19/03/2026,Thursday,0,0,0,0,0,0,0,0,0,0,0,0,0,0,0,0,0,0,0,0,0,0,0,0,0,0,0,0,0,0,0,0,0,0,0,0,0,0,0,0,0,0,0,0,0,0,0,0,0
1650000325600,Temp Substation,20/03/2026,Friday,0,0,0,0,0,0,0,0,0,0,0,0,0,0,0,0,0,0,0,0,0,0,0,0,0,0,0,0,0,0,0,0,0,0,0,0,0,0,0,0,0,0,0,0,0,0,0,0,0
1650000325600,Temp Substation,21/03/2026,Saturday,0,0,0,0,0,0,0,0,0,0,0,0,0,0,0,0,0,0,0,0,0,0,0,0,0,0,0,0,0,0,0,0,0,0,0,0,0,0,0,0,0,0,0,0,0,0,0,0,0
1650000325600,Temp Substation,22/03/2026,Sunday,0,0,0,0,0,0,0,0,0,0,0,0,0,0,0,0,0,0,0,0,0,0,0,0,0,0,0,0,0,0,0,0,0,0,0,0,0,0,0,0,0,0,0,0,0,0,0,0,0
1650000325600,Temp Substation,23/03/2026,Monday,0,0,0,0,0,0,0,0,0,0,0,0,0,0,0,0,0,0,0,0,0,0,0,0,0,0,0,0,0,0,0,0,0,0,0,0,0,0,0,0,0,0,0,0,0,0,0,0,0
1650000325600,Temp Substation,24/03/2026,Tuesday,0,0,0,0,0,0,0,0,0,0,0,0,0,0,0,0,0,0,0,0,0,0,0,0,0,0,0,0,0,0,0,0,0,0,0,0,0,0,0,0,0,0,0,0,0,0,0,0,0
1650000325600,Temp Substation,25/03/2026,Wednesday,0,0,0,0,0,0,0,0,0,0,0,0,0,0,0,0,0,0,0,0,0,0,0,0,0,0,0,0,0,0,0,0,0,0,0,0,0,0,0,0,0,0,0,0,0,0,0,0,0
1650000325600,Temp Substation,26/03/2026,Thursday,0,0,0,0,0,0,0,0,0,0,0,0,0,0,0,0,0,0,0,0,0,0,0,0,0,0,0,0,0,0,0,0,0,0,0,0,0,0,0,0,0,0,0,0,0,0,0,0,0
1650000325600,Temp Substation,27/03/2026,Friday,0,0,0,0,0,0,0,0,0,0,0,0,0,0,0,0,0,0,0,0,0,0,0,0,0,0,0,0,0,0,0,0,0,0,0,0,0,0,0,0,0,0,0,0,0,0,0,0,0
1650000325600,Temp Substation,28/03/2026,Saturday,0,0,0,0,0,0,0,0,0,0,0,0,0,0,0,0,0,0,0,0,0,0,0,0,0,0,0,0,0,0,0,0,0,0,0,0,0,0,0,0,0,0,0,0,0,0,0,0,0
1650000325600,Temp Substation,29/03/2026,Sunday,0,0,0,0,0,0,0,0,0,0,0,0,0,0,0,0,0,0,0,0,0,0,0,0,0,0,0,0,0,0,0,0,0,0,0,0,0,0,0,0,0,0,0,0,0,0,0,0,0
1650000325600,Temp Substation,30/03/2026,Monday,0,0,0,0,0,0,0,0,0,0,0,0,0,0,0,0,0,0,0,0,0,0,0,0,0,0,0,0,0,0,0,0,0,0,0,0,0,0,0,0,0,0,0,0,0,0,0,0,0
1650000325600,Temp Substation,31/03/2026,Tuesday,0,0,0,0,0,0,0,0,0,0,0,0,0,0,0,0,0,0,0,0,0,0,0,0,0,0,0,0,0,0,0,0,0,0,0,0,0,0,0,0,0,0,0,0,0,0,0,0,0
1650000325600,Temp Substation,01/04/2026,Wednesday,0,0,0,0,0,0,0,0,0,0,0,0,0,0,0,0,0,0,0,0,0,0,0,0,0,0,0,0,0,0,0,0,0,0,0,0,0,0,0,0,0,0,0,0,0,0,0,0,0
1650000325600,Temp Substation,02/04/2026,Thursday,0,0,0,0,0,0,0,0,0,0,0,0,0,0,0,0,0,0,0,0,0,0,0,0,0,0,0,0,0,0,0,0,0,0,0,0,0,0,0,0,0,0,0,0,0,0,0,0,0
1650000325600,Temp Substation,03/04/2026,Friday,0,0,0,0,0,0,0,0,0,0,0,0,0,0,0,0,0,0,0,0,0,0,0,0,0,0,0,0,0,0,0,0,0,0,0,0,0,0,0,0,0,0,0,0,0,0,0,0,0
1650000325600,Temp Substation,04/04/2026,Saturday,0,0,0,0,0,0,0,0,0,0,0,0,0,0,0,0,0,0,0,0,0,0,0,0,0,0,0,0,0,0,0,0,0,0,0,0,0,0,0,0,0,0,0,0,0,0,0,0,0
1650000325600,Temp Substation,05/04/2026,Sunday,0,0,0,0,0,0,0,0,0,0,0,0,0,0,0,0,0,0,0,0,0,0,0,0,0,0,0,0,0,0,0,0,0,0,0,0,0,0,0,0,0,0,0,0,0,0,0,0,0
1650000325600,Temp Substation,06/04/2026,Monday,0,0,0,0,0,0,0,0,0,0,0,0,0,0,0,0,0,0,0,0,0,0,0,0,0,0,0,0,0,0,0,0,0,0,0,0,0,0,0,0,0,0,0,0,0,0,0,0,0
1650000325600,Temp Substation,07/04/2026,Tuesday,0,0,0,0,0,0,0,0,0,0,0,0,0,0,0,0,0,0,0,0,0,0,0,0,0,0,0,0,0,0,0,0,0,0,0,0,0,0,0,0,0,0,0,0,0,0,0,0,0
1650000325600,Temp Substation,08/04/2026,Wednesday,0,0,0,0,0,0,0,0,0,0,0,0,0,0,0,0,0,0,0,0,0,0,0,0,0,0,0,0,0,0,0,0,0,0,0,0,0,0,0,0,0,0,0,0,0,0,0,0,0
1650000325600,Temp Substation,09/04/2026,Thursday,0,0,0,0,0,0,0,0,0,0,0,0,0,0,0,0,0,0,0,0,0,0,0,0,0,0,0,0,0,0,0,0,0,0,0,0,0,0,0,0,0,0,0,0,0,0,0,0,0
1650000325600,Temp Substation,10/04/2026,Friday,0,0,0,0,0,0,0,0,0,0,0,0,0,0,0,0,0,0,0,0,0,0,0,0,0,0,0,0,0,0,0,0,0,0,0,0,0,0,0,0,0,0,0,0,0,0,0,0,0
1650000325600,Temp Substation,11/04/2026,Saturday,0,0,0,0,0,0,0,0,0,0,0,0,0,0,0,0,0,0,0,0,0,0,0,0,0,0,0,0,0,0,0,0,0,0,0,0,0,0,0,0,0,0,0,0,0,0,0,0,0
1650000325600,Temp Substation,12/04/2026,Sunday,0,0,0,0,0,0,0,0,0,0,0,0,0,0,0,0,0,0,0,0,0,0,0,0,0,0,0,0,0,0,0,0,0,0,0,0,0,0,0,0,0,0,0,0,0,0,0,0,0
1650000325600,Temp Substation,13/04/2026,Monday,0,0,0,0,0,0,0,0,0,0,0,0,0,0,0,0,0,0,0,0,0,0,0,0,0,0,0,0,0,0,0,0,0,0,0,0,0,0,0,0,0,0,0,0,0,0,0,0,0
1650000325600,Temp Substation,14/04/2026,Tuesday,0,0,0,0,0,0,0,0,0,0,0,0,0,0,0,0,0,0,0,0,0,0,0,0,0,0,0,0,0,0,0,0,0,0,0,0,0,0,0,0,0,0,0,0,0,0,0,0,0
1650000325600,Temp Substation,15/04/2026,Wednesday,0,0,0,0,0,0,0,0,0,0,0,0,0,0,0,0,0,0,0,0,0,0,0,0,0,0,0,0,0,0,0,0,0,0,0,0,0,0,0,0,0,0,0,0,0,0,0,0,0
1650000325600,Temp Substation,16/04/2026,Thursday,0,0,0,0,0,0,0,0,0,0,0,0,0,0,0,0,0,0,0,0,0,0,0,0,0,0,0,0,0,0,0,0,0,0,0,0,0,0,0,0,0,0,0,0,0,0,0,0,0
1650000325600,Temp Substation,17/04/2026,Friday,0,0,0,0,0,0,0,0,0,0,0,0,0,0,0,0,0,0,0,0,0,0,0,0,0,0,0,0,0,0,0,0,0,0,0,0,0,0,0,0,0,0,0,0,0,0,0,0,0
1650000325600,Temp Substation,18/04/2026,Saturday,0,0,0,0,0,0,0,0,0,0,0,0,0,0,0,0,0,0,0,0,0,0,0,0,0,0,0,0,0,0,0,0,0,0,0,0,0,0,0,0,0,0,0,0,0,0,0,0,0
1650000325600,Temp Substation,19/04/2026,Sunday,0,0,0,0,0,0,0,0,0,0,0,0,0,0,0,0,0,0,0,0,0,0,0,0,0,0,0,0,0,0,0,0,0,0,0,0,0,0,0,0,0,0,0,0,0,0,0,0,0
1650000325600,Temp Substation,20/04/2026,Monday,0,0,0,0,0,0,0,0,0,0,0,0,0,0,0,0,0,0,0,0,0,0,0,0,0,0,0,0,0,0,0,0,0,0,0,0,0,0,0,0,0,0,0,0,0,0,0,0,0
1650000325600,Temp Substation,21/04/2026,Tuesday,0,0,0,0,0,0,0,0,0,0,0,0,0,0,0,0,0,0,0,0,0,0,0,0,0,0,0,0,0,0,0,0,0,0,0,0,0,0,0,0,0,0,0,0,0,0,0,0,0
1650000325600,Temp Substation,22/04/2026,Wednesday,0,0,0,0,0,0,0,0,0,0,0,0,0,0,0,0,0,0,0,0,0,0,0,0,0,0,0,0,0,0,0,0,0,0,0,0,0,0,0,0,0,0,0,0,0,0,0,0,0
1650000325600,Temp Substation,23/04/2026,Thursday,0,0,0,0,0,0,0,0,0,0,0,0,0,0,0,0,0,0,0,0,0,0,0,0,0,0,0,0,0,0,0,0,0,0,0,0,0,0,0,0,0,0,0,0,0,0,0,0,0
1650000325600,Temp Substation,24/04/2026,Friday,0,0,0,0,0,0,0,0,0,0,0,0,0,0,0,0,0,0,0,0,0,0,0,0,0,0,0,0,0,0,0,0,0,0,0,0,0,0,0,0,0,0,0,0,0,0,0,0,0
1650000325600,Temp Substation,25/04/2026,Saturday,0,0,0,0,0,0,0,0,0,0,0,0,0,0,0,0,0,0,0,0,0,0,0,0,0,0,0,0,0,0,0,0,0,0,0,0,0,0,0,0,0,0,0,0,0,0,0,0,0
1650000325600,Temp Substation,26/04/2026,Sunday,0,0,0,0,0,0,0,0,0,0,0,0,0,0,0,0,0,0,0,0,0,0,0,0,0,0,0,0,0,0,0,0,0,0,0,0,0,0,0,0,0,0,0,0,0,0,0,0,0
1650000325600,Temp Substation,27/04/2026,Monday,0,0,0,0,0,0,0,0,0,0,0,0,0,0,0,0,0,0,0,0,0,0,0,0,0,0,0,0,0,0,0,0,0,0,0,0,0,0,0,0,0,0,0,0,0,0,0,0,0
,,,,,,,,,,,,,,,,,,,,,,,,,,,,,,,,,,,,,,,,,,,,,,,,,,,,
,,,,,,,,,,,,,,,,,,,,,,,,,,,,,,,,,,,,,,,,,,,,,,,,,,,,
,,,,,,,,,,,,,,,,,,,,,,,,,,,,,,,,,,,,,,,,,,,,,,,,,,,,
,,,,,,,,,,,,,,,,,,,,,,,,,,,,,,,,,,,,,,,,,,,,,,,,,,,,
,,,,,,,,,,,,,,,,,,,,,,,,,,,,,,,,,,,,,,,,,,,,,,,,,,,,
,,,,,,,,,,,,,,,,,,,,,,,,,,,,,,,,,,,,,,,,,,,,,,,,,,,,
,,,,,,,,,,,,,,,,,,,,,,,,,,,,,,,,,,,,,,,,,,,,,,,,,,,,
,,,,,,,,,,,,,,,,,,,,,,,,,,,,,,,,,,,,,,,,,,,,,,,,,,,,
,,,,,,,,,,,,,,,,,,,,,,,,,,,,,,,,,,,,,,,,,,,,,,,,,,,,
,,,,,,,,,,,,,,,,,,,,,,,,,,,,,,,,,,,,,,,,,,,,,,,,,,,,
,,,,,,,,,,,,,,,,,,,,,,,,,,,,,,,,,,,,,,,,,,,,,,,,,,,,
,,,,,,,,,,,,,,,,,,,,,,,,,,,,,,,,,,,,,,,,,,,,,,,,,,,,
,,,,,,,,,,,,,,,,,,,,,,,,,,,,,,,,,,,,,,,,,,,,,,,,,,,,
,,,,,,,,,,,,,,,,,,,,,,,,,,,,,,,,,,,,,,,,,,,,,,,,,,,,
,,,,,,,,,,,,,,,,,,,,,,,,,,,,,,,,,,,,,,,,,,,,,,,,,,,,
,,,,,,,,,,,,,,,,,,,,,,,,,,,,,,,,,,,,,,,,,,,,,,,,,,,,
,,,,,,,,,,,,,,,,,,,,,,,,,,,,,,,,,,,,,,,,,,,,,,,,,,,,
,,,,,,,,,,,,,,,,,,,,,,,,,,,,,,,,,,,,,,,,,,,,,,,,,,,,
,,,,,,,,,,,,,,,,,,,,,,,,,,,,,,,,,,,,,,,,,,,,,,,,,,,,
,,,,,,,,,,,,,,,,,,,,,,,,,,,,,,,,,,,,,,,,,,,,,,,,,,,,
,,,,,,,,,,,,,,,,,,,,,,,,,,,,,,,,,,,,,,,,,,,,,,,,,,,,
,,,,,,,,,,,,,,,,,,,,,,,,,,,,,,,,,,,,,,,,,,,,,,,,,,,,
,,,,,,,,,,,,,,,,,,,,,,,,,,,,,,,,,,,,,,,,,,,,,,,,,,,,
,,,,,,,,,,,,,,,,,,,,,,,,,,,,,,,,,,,,,,,,,,,,,,,,,,,,
